{"stats":{"minecraft:custom":{"minecraft:time_since_rest":23600,"minecraft:open_chest":11,"minecraft:play_one_minute":23600,"minecraft:sprint_one_cm":18418,"minecraft:damage_taken":40,"minecraft:walk_one_cm":51942,"minecraft:jump":86,"minecraft:time_since_death":23600,"minecraft:walk_on_water_one_cm":143,"minecraft:climb_one_cm":1284,"minecraft:fall_one_cm":2131,"minecraft:interact_with_crafting_table":3,"minecraft:fly_one_cm":3395},"minecraft:mined":{"minecraft:grass":1,"minecraft:coal_ore":27,"minecraft:dirt":1,"minecraft:birch_log":7,"minecraft:iron_ore":17,"minecraft:stone":11,"minecraft:diorite":13,"minecraft:crafting_table":1},"minecraft:picked_up":{"minecraft:birch_log":7,"minecraft:crafting_table":1,"minecraft:iron_ore":17,"minecraft:diorite":13,"minecraft:birch_sapling":1,"minecraft:coal":27,"minecraft:cobblestone":10},"minecraft:used":{"minecraft:crafting_table":1,"minecraft:iron_axe":9,"minecraft:birch_sapling":1,"minecraft:iron_pickaxe":69},"minecraft:crafted":{"minecraft:iron_sword":1,"minecraft:iron_shovel":2,"minecraft:oak_planks":40,"minecraft:torch":36,"minecraft:crafting_table":1,"minecraft:iron_axe":2,"minecraft:stick":28,"minecraft:iron_pickaxe":2}},"DataVersion":2586}