{"stats":{"minecraft:killed_by":{"minecraft:player":1},"minecraft:picked_up":{"magistuarmory:barbedclub":1,"magistuarmory:diamond_zweihander":1,"minecraft:diamond_sword":1,"create:handheld_worldshaper":1,"magistuarmory:armet":1,"magistuarmory:knight_chestplate":1,"sophisticatedbackpacks:backpack":1,"magistuarmory:netherite_lucernhammer":1,"minecraft:potion":1,"minecraft:porkchop":3,"minecraft:cornflower":1,"magistuarmory:netherite_shortsword":1,"magistuarmory:diamond_chainmorgenstern":1,"magistuarmory:heavy_crossbow":1,"minecraft:apple":1,"minecraft:wheat_seeds":252,"magistuarmory:netherite_katzbalger":1,"minecraft:diamond_axe":1,"magistuarmory:knight_leggings":1,"spartanshields:shield_botania_elementium":2,"minecraft:poppy":2,"magistuarmory:knight_boots":1,"minecraft:enchanted_golden_apple":18,"minecraft:sugar_cane":3,"minecraft:mutton":1,"minecraft:white_wool":1,"minecraft:diamond_pickaxe":1},"minecraft:used":{"minecraft:shroomlight":3,"create:handheld_worldshaper":13,"minecraft:lantern":11,"minecraft:flint_and_steel":14,"minecraft:grass_block":330,"spartanshields:shield_botania_elementium":2,"minecraft:prismarine_wall":58,"magistuarmory:barbedclub":17,"magistuarmory:diamond_chainmorgenstern":6,"minecraft:torch":2,"minecraft:glowstone":26,"minecraft:sand":316,"minecraft:white_stained_glass":36,"minecraft:white_concrete":285,"magistuarmory:netherite_lucernhammer":3,"minecraft:enchanted_golden_apple":4},"minecraft:mined":{"minecraft:grass":2},"minecraft:killed":{"minecraft:sheep":1,"minecraft:pig":1},"minecraft:custom":{"minecraft:time_since_rest":140084,"minecraft:sprint_one_cm":7382,"minecraft:damage_absorbed":287,"minecraft:damage_taken":549,"minecraft:walk_one_cm":147163,"minecraft:damage_blocked_by_shield":460,"minecraft:mob_kills":2,"minecraft:damage_dealt":354,"minecraft:swim_one_cm":4001,"minecraft:fly_one_cm":770527,"minecraft:crouch_one_cm":143,"minecraft:play_one_minute":155095,"minecraft:deaths":1,"minecraft:sneak_time":1478,"minecraft:walk_under_water_one_cm":17080,"minecraft:jump":295,"minecraft:time_since_death":140048,"minecraft:walk_on_water_one_cm":6742,"minecraft:damage_resisted":174,"minecraft:fall_one_cm":1254}},"DataVersion":2586}