{"stats":{"minecraft:mined":{"minecraft:grass":2},"minecraft:killed_by":{"minecraft:player":1},"minecraft:picked_up":{"minecraft:music_disc_strad":1,"minecraft:birch_door":1,"magistuarmory:barbedclub":1,"minecraft:leather_leggings":1,"minecraft:lead":3,"minecraft:diamond_sword":1,"create:handheld_worldshaper":2,"minecraft:potion":1,"minecraft:heavy_weighted_pressure_plate":2,"minecraft:music_disc_cat":1,"minecraft:cornflower":1,"magistuarmory:netherite_shortsword":1,"minecraft:string":14,"minecraft:white_carpet":2,"minecraft:pufferfish":2,"minecraft:oak_sign":6,"magistuarmory:knight_leggings":1,"spartanshields:shield_botania_elementium":2,"minecraft:poppy":4,"minecraft:enchanted_golden_apple":18,"magistuarmory:knight_boots":1,"minecraft:sugar_cane":3,"minecraft:music_disc_blocks":1,"minecraft:torch":2,"minecraft:music_disc_mellohi":1,"sophisticatedbackpacks:backpack":2,"minecraft:porkchop":3,"minecraft:quartz_pillar":1,"minecraft:music_disc_pigstep":1,"minecraft:blue_carpet":3,"magistuarmory:heavy_crossbow":1,"minecraft:arrow":8,"minecraft:rotten_flesh":10,"create_confectionery:full_black_chocolate_bar":1,"minecraft:tropical_fish":41,"minecraft:music_disc_ward":1,"minecraft:music_disc_wait":1,"minecraft:mutton":1,"minecraft:white_wool":1,"minecraft:air":0,"minecraft:cooked_beef":3,"minecraft:leather":2,"magistuarmory:diamond_zweihander":1,"minecraft:music_disc_stal":2,"magistuarmory:armet":1,"create_confectionery:hot_chocolate_bottle":1,"minecraft:gunpowder":13,"farmersdelight:skillet":1,"minecraft:lantern":3,"minecraft:cooked_mutton":4,"minecraft:bone":6,"minecraft:apple":1,"farmersdelight:iron_knife":1,"create_confectionery:chocolate_candy":1,"farmersdelight:cooking_pot":1,"minecraft:bow":1,"minecraft:wheat_seeds":252,"magistuarmory:netherite_katzbalger":1,"minecraft:music_disc_far":1,"minecraft:bamboo":28,"minecraft:music_disc_chirp":1,"minecraft:cooked_porkchop":3,"minecraft:music_disc_13":1,"magistuarmory:knight_chestplate":1,"magistuarmory:netherite_lucernhammer":1,"minecraft:sand":1,"minecraft:crimson_door":2,"minecraft:lily_of_the_valley":1,"minecraft:spider_eye":4,"magistuarmory:diamond_chainmorgenstern":1,"create_confectionery:marshmallow":1,"minecraft:music_disc_mall":2,"create_confectionery:bar_of_black_chocolate":1,"minecraft:polished_blackstone_button":1,"minecraft:writable_book":4,"minecraft:diamond_axe":1,"minecraft:diamond_pickaxe":1},"minecraft:dropped":{"minecraft:quartz_pillar":1,"create_confectionery:marshmallow_on_a_stick":2,"minecraft:honey_bottle":1,"minecraft:chiseled_stone_bricks":1},"minecraft:used":{"mcwfurnitures:stripped_warped_large_drawer":2,"minecraft:oak_trapdoor":9,"mcwfurnitures:oak_chair":1,"minecraft:music_disc_far":1,"minecraft:netherite_sword":417,"mcwfurnitures:stripped_crimson_modern_chair":218,"minecraft:rose_bush":8,"minecraft:jungle_leaves":4,"minecraft:writable_book":4,"minecraft:iron_bars":6,"create:crimson_window_pane":33,"minecraft:crimson_fence":6,"minecraft:white_tulip":22,"minecraft:flint_and_steel":14,"minecraft:cut_red_sandstone_slab":11,"minecraft:carved_pumpkin":4,"minecraft:smooth_quartz_slab":47,"minecraft:armor_stand":14,"mcwfurnitures:stripped_crimson_large_drawer":13,"minecraft:oak_sign":14,"mcwlights:black_ceiling_light":29,"minecraft:stripped_warped_stem":32,"minecraft:chest":2,"farmersdelight:stove":4,"butchersdelight:hook":2,"mcwlights:iron_chandelier":2,"minecraft:quartz_stairs":10,"minecraft:white_shulker_box":6,"minecraft:red_nether_brick_stairs":25,"create_confectionery:black_chocolate_bricks_stairs":21,"minecraft:bubble_coral":6,"mcwfurnitures:stripped_warped_modern_chair":5,"minecraft:sandstone_wall":35,"create:oak_window":7,"mcwfurnitures:stripped_crimson_coffee_table":39,"minecraft:tube_coral":5,"minecraft:stripped_crimson_stem":38,"create_confectionery:black_chocolate_bricks_slab":19,"minecraft:torch":25,"a_man_with_plushies:female_indeedee_plush":1,"magistuarmory:netherite_shortsword":52,"a_man_with_plushies:freddy_fazbear_plush":1,"mcwfurnitures:stripped_birch_large_drawer":6,"minecraft:red_nether_brick_slab":28,"minecraft:lily_of_the_valley":47,"decorative_blocks:birch_beam":18,"minecraft:crimson_hyphae":96,"minecraft:music_disc_13":1,"decorative_blocks:oak_palisade":3,"mcwlights:crimson_ceiling_fan_light":2,"mcwfurnitures:stripped_oak_counter":21,"a_man_with_plushies:cuphead_plush":1,"minecraft:nether_bricks":42,"create_confectionery:caramel_bricks":18,"decorative_blocks:lattice":9,"decorative_blocks:oak_support":7,"mcwlights:iron_low_candle_holder":3,"minecraft:acacia_button":1,"minecraft:nether_brick_slab":148,"minecraft:spruce_fence":21,"mcwfurnitures:stripped_warped_striped_chair":8,"minecraft:azure_bluet":26,"mcwfurnitures:stripped_warped_bookshelf_cupboard":21,"minecraft:cyan_wool":5,"magistuarmory:netherite_lucernhammer":3,"minecraft:nether_brick_stairs":65,"create:polished_dolomite":90,"minecraft:polished_diorite":165,"minecraft:shroomlight":3,"minecraft:birch_door":8,"decorative_blocks:bar_panel":1,"minecraft:music_disc_mellohi":1,"mcwlights:garden_light":27,"minecraft:glass":59,"a_man_with_plushies:fall_guy_plush":1,"mcwlights:iron_wall_candle_holder":10,"mcwlights:iron_candle_holder":11,"minecraft:sea_lantern":56,"create:warped_window":7,"a_man_with_plushies:creeper_plush":1,"minecraft:warped_hyphae":33,"minecraft:quartz_slab":34,"decorative_blocks:crimson_palisade":22,"minecraft:quartz_pillar":366,"minecraft:grass_block":339,"minecraft:music_disc_pigstep":1,"minecraft:red_wool":314,"minecraft:iron_block":16,"minecraft:lantern":106,"minecraft:oak_stairs":1,"minecraft:music_disc_ward":1,"minecraft:smooth_sandstone":95,"minecraft:crimson_slab":89,"butchersdelight:piperbush":4,"minecraft:music_disc_chirp":1,"mcwfurnitures:stripped_birch_modern_chair":28,"decorative_blocks:warped_palisade":5,"minecraft:smooth_quartz":29,"decorative_blocks:jungle_palisade":1,"mcwlights:black_lamp":20,"minecraft:music_disc_wait":1,"minecraft:bamboo":9,"farmersdelight:canvas_rug":1,"mcwfurnitures:stripped_oak_bookshelf_cupboard":24,"create:creative_motor":2,"decorative_blocks:crimson_support":14,"minecraft:item_frame":24,"magistuarmory:diamond_chainmorgenstern":6,"mcwlights:sea_lantern_slab":22,"minecraft:music_disc_stal":2,"mcwfurnitures:stripped_crimson_bookshelf":3,"create_confectionery:caramel_bricks_stairs":25,"minecraft:glowstone":235,"minecraft:black_stained_glass":149,"a_man_with_plushies:henry_stickmin_plush":1,"minecraft:birch_trapdoor":2,"decorative_blocks:warped_beam":2,"minecraft:red_carpet":3,"farmersdelight:cutting_board":19,"mcwfurnitures:stripped_oak_cupboard_counter":9,"create:shaft":30,"mcwlights:golden_chain":16,"create:ornate_iron_window_pane":21,"mcwfurnitures:stripped_warped_double_wardrobe":4,"mcwfurnitures:stripped_oak_large_drawer":5,"mcwfurnitures:oak_striped_chair":6,"a_man_with_plushies:sans_plush":1,"farmersdelight:cooking_pot":4,"mcwfurnitures:stripped_birch_glass_table":18,"minecraft:enchanted_golden_apple":4,"mcwfurnitures:stripped_oak_striped_chair":5,"minecraft:mossy_stone_brick_wall":61,"minecraft:seagrass":21,"create_confectionery:caramel_bricks_wall":5,"farmersdelight:full_tatami_mat":2,"decorative_blocks:birch_seat":13,"create:handheld_worldshaper":70,"minecraft:water_bucket":26,"mcwfurnitures:stripped_oak_coffee_table":1,"mcwfurnitures:stripped_oak_bookshelf":19,"minecraft:end_rod":12,"minecraft:end_stone_bricks":26,"farmersdelight:skillet":1,"minecraft:prismarine_brick_slab":70,"minecraft:stripped_birch_log":27,"create:paved_dolomite":2,"spartanshields:shield_botania_elementium":2,"mcwfurnitures:stripped_oak_double_drawer_counter":3,"minecraft:red_nether_bricks":209,"create:crimson_window":181,"mcwfurnitures:stripped_birch_bookshelf_cupboard":2,"mcwfurnitures:stripped_oak_double_wardrobe":6,"minecraft:cut_sandstone":5,"create:red_seat":18,"minecraft:black_glazed_terracotta":44,"create_confectionery:black_chocolate_bricks":31,"magistuarmory:barbedclub":17,"decorative_blocks:warped_support":17,"minecraft:smooth_quartz_stairs":9,"mcwlights:birch_tiki_torch":1,"minecraft:white_wool":34,"mcwlights:redstone_lamp_slab":123,"a_man_with_plushies:audino_plush":1,"minecraft:diamond_block":5,"mcwfurnitures:stripped_oak_modern_chair":1,"minecraft:sand":488,"minecraft:music_disc_cat":1,"minecraft:cut_sandstone_slab":359,"farmersdelight:warped_pantry":2,"minecraft:red_bed":6,"mcwfurnitures:stripped_warped_wardrobe":3,"mcwfurnitures:stripped_birch_cupboard_counter":2,"minecraft:light_blue_wool":60,"create:ornate_iron_window":96,"minecraft:acacia_leaves":71,"minecraft:campfire":6,"minecraft:white_bed":15,"minecraft:dark_oak_fence_gate":4,"minecraft:fire_coral":4,"decorative_blocks:crimson_beam":995,"decorative_blocks:chandelier":5,"minecraft:cake":2,"minecraft:music_disc_strad":1,"minecraft:dark_oak_door":4,"minecraft:crimson_fence_gate":11,"mcwlights:soul_classic_street_lamp":3,"farmersdelight:black_canvas_sign":24,"decorative_blocks:birch_palisade":27,"minecraft:flower_pot":25,"minecraft:black_wool":15,"minecraft:blue_glazed_terracotta":2,"mcwfurnitures:stripped_warped_counter":25,"minecraft:black_concrete":316,"minecraft:warped_trapdoor":1,"minecraft:chiseled_sandstone":100,"minecraft:birch_fence_gate":6,"minecraft:acacia_door":5,"mcwfurnitures:stripped_birch_drawer_counter":2,"minecraft:heavy_weighted_pressure_plate":170,"minecraft:music_disc_mall":2,"minecraft:cyan_bed":5,"minecraft:warped_slab":39,"minecraft:lectern":11,"minecraft:white_glazed_terracotta":276,"create_confectionery:caramel_bricks_slab":5,"mcwfurnitures:stripped_oak_wardrobe":4,"minecraft:spruce_trapdoor":6,"minecraft:prismarine_wall":129,"mcwfurnitures:stripped_birch_double_drawer":6,"minecraft:iron_door":5,"mcwfurnitures:stripped_crimson_double_wardrobe":3,"create_confectionery:black_chocolate_bricks_wall":12,"minecraft:music_disc_blocks":1,"minecraft:lilac":33,"minecraft:polished_andesite_slab":2,"mcwfurnitures:crimson_coffee_table":2,"minecraft:stripped_warped_hyphae":7,"mcwfurnitures:stripped_crimson_bookshelf_cupboard":3,"minecraft:chiseled_stone_bricks":299,"mcwfurnitures:stripped_crimson_bookshelf_drawer":4,"minecraft:coal_block":228,"minecraft:pufferfish_bucket":24,"minecraft:crimson_stairs":31,"farmersdelight:red_canvas_sign":13,"mcwlights:classic_street_lamp":13,"mcwfurnitures:stripped_crimson_glass_table":218,"mcwfurnitures:stripped_oak_glass_table":6,"minecraft:warped_fence_gate":4,"minecraft:white_stained_glass":36,"minecraft:crimson_door":17,"minecraft:sandstone_slab":43,"minecraft:chain":17,"mcwlights:lava_lamp":1,"minecraft:smooth_stone_slab":23,"decorative_blocks:brazier":3,"minecraft:sea_pickle":19,"minecraft:polished_blackstone_button":8,"a_man_with_plushies:red_pikmin_plush":1,"minecraft:white_concrete":1066,"minecraft:tropical_fish_bucket":61,"minecraft:purple_carpet":17,"minecraft:gray_wool":93,"minecraft:bone_meal":16,"minecraft:jukebox":4,"minecraft:purple_wool":5,"minecraft:soul_torch":99},"minecraft:custom":{"minecraft:mob_kills":113,"minecraft:interact_with_campfire":16,"minecraft:damage_dealt_resisted":240,"minecraft:leave_game":24,"minecraft:time_since_death":1064949,"minecraft:climb_one_cm":5927,"minecraft:damage_resisted":174,"minecraft:sprint_one_cm":82931,"minecraft:walk_one_cm":2359651,"minecraft:damage_blocked_by_shield":460,"minecraft:drop":5,"minecraft:deaths":3,"minecraft:sneak_time":8516,"minecraft:walk_under_water_one_cm":163849,"minecraft:interact_with_lectern":6,"minecraft:jump":3039,"minecraft:walk_on_water_one_cm":82046,"minecraft:play_record":14,"minecraft:play_one_minute":1292917,"minecraft:pot_flower":11,"minecraft:time_since_rest":1064998,"minecraft:damage_taken":549,"minecraft:damage_absorbed":287,"minecraft:damage_dealt":14142,"minecraft:swim_one_cm":4798,"minecraft:fly_one_cm":2178201,"minecraft:open_chest":3,"minecraft:crouch_one_cm":2520,"minecraft:fall_one_cm":1254},"minecraft:killed":{"minecraft:spider":14,"minecraft:pufferfish":1,"minecraft:skeleton":10,"minecraft:tropical_fish":41,"minecraft:pig":1,"minecraft:zombie_villager":1,"minecraft:wandering_trader":2,"minecraft:creeper":15,"minecraft:sheep":1,"minecraft:trader_llama":3,"minecraft:zombie":15,"minecraft:enderman":2}},"DataVersion":2586}