{"stats":{"minecraft:custom":{"minecraft:mob_kills":68,"minecraft:interact_with_campfire":16,"minecraft:damage_dealt_resisted":240,"minecraft:leave_game":17,"minecraft:time_since_death":399206,"minecraft:damage_resisted":174,"minecraft:climb_one_cm":5402,"minecraft:sprint_one_cm":41788,"minecraft:walk_one_cm":948912,"minecraft:damage_blocked_by_shield":460,"minecraft:drop":5,"minecraft:deaths":3,"minecraft:sneak_time":4395,"minecraft:walk_under_water_one_cm":157506,"minecraft:interact_with_lectern":6,"minecraft:jump":1198,"minecraft:walk_on_water_one_cm":74631,"minecraft:play_one_minute":627174,"minecraft:pot_flower":6,"minecraft:time_since_rest":399255,"minecraft:damage_absorbed":287,"minecraft:damage_taken":549,"minecraft:damage_dealt":6404,"minecraft:fly_one_cm":1680020,"minecraft:swim_one_cm":4798,"minecraft:open_chest":3,"minecraft:crouch_one_cm":1453,"minecraft:fall_one_cm":1254},"minecraft:used":{"mcwfurnitures:stripped_warped_large_drawer":2,"minecraft:oak_trapdoor":9,"mcwfurnitures:oak_chair":1,"minecraft:netherite_sword":190,"minecraft:rose_bush":8,"minecraft:writable_book":4,"minecraft:iron_bars":6,"minecraft:crimson_fence":6,"minecraft:flint_and_steel":14,"minecraft:armor_stand":1,"minecraft:oak_sign":14,"minecraft:stripped_warped_stem":31,"minecraft:chest":2,"farmersdelight:stove":4,"minecraft:white_shulker_box":6,"create_confectionery:black_chocolate_bricks_stairs":21,"minecraft:quartz_stairs":10,"minecraft:bubble_coral":6,"mcwlights:iron_chandelier":2,"minecraft:sandstone_wall":35,"minecraft:tube_coral":5,"minecraft:stripped_crimson_stem":28,"create_confectionery:black_chocolate_bricks_slab":19,"minecraft:torch":25,"magistuarmory:netherite_shortsword":52,"mcwfurnitures:stripped_birch_large_drawer":6,"decorative_blocks:birch_beam":18,"decorative_blocks:oak_palisade":3,"mcwfurnitures:stripped_oak_counter":21,"create_confectionery:caramel_bricks":18,"decorative_blocks:lattice":6,"decorative_blocks:oak_support":7,"minecraft:spruce_fence":21,"minecraft:acacia_button":1,"mcwfurnitures:stripped_warped_bookshelf_cupboard":21,"minecraft:cyan_wool":5,"minecraft:azure_bluet":24,"magistuarmory:netherite_lucernhammer":3,"minecraft:shroomlight":3,"minecraft:birch_door":6,"decorative_blocks:bar_panel":1,"minecraft:glass":59,"mcwlights:garden_light":8,"minecraft:sea_lantern":51,"minecraft:quartz_pillar":213,"minecraft:warped_hyphae":5,"minecraft:quartz_slab":23,"minecraft:lantern":106,"minecraft:grass_block":338,"minecraft:oak_stairs":1,"minecraft:smooth_sandstone":95,"minecraft:crimson_slab":38,"butchersdelight:piperbush":3,"mcwfurnitures:stripped_birch_modern_chair":28,"decorative_blocks:warped_palisade":5,"decorative_blocks:jungle_palisade":1,"mcwfurnitures:stripped_oak_bookshelf_cupboard":24,"magistuarmory:diamond_chainmorgenstern":6,"create_confectionery:caramel_bricks_stairs":25,"minecraft:item_frame":24,"minecraft:bamboo":9,"minecraft:birch_trapdoor":2,"decorative_blocks:warped_beam":2,"minecraft:glowstone":75,"farmersdelight:cutting_board":19,"mcwfurnitures:stripped_oak_cupboard_counter":9,"create:shaft":3,"create:ornate_iron_window_pane":21,"mcwfurnitures:stripped_warped_double_wardrobe":4,"mcwfurnitures:stripped_oak_large_drawer":5,"mcwfurnitures:oak_striped_chair":6,"farmersdelight:cooking_pot":4,"mcwfurnitures:stripped_birch_glass_table":18,"mcwfurnitures:stripped_oak_striped_chair":5,"minecraft:seagrass":21,"minecraft:mossy_stone_brick_wall":61,"minecraft:enchanted_golden_apple":4,"create_confectionery:caramel_bricks_wall":5,"decorative_blocks:birch_seat":13,"farmersdelight:full_tatami_mat":2,"create:handheld_worldshaper":32,"mcwfurnitures:stripped_oak_coffee_table":1,"mcwfurnitures:stripped_oak_bookshelf":19,"minecraft:end_rod":12,"minecraft:end_stone_bricks":26,"farmersdelight:skillet":1,"minecraft:prismarine_brick_slab":70,"minecraft:stripped_birch_log":27,"spartanshields:shield_botania_elementium":2,"mcwfurnitures:stripped_oak_double_drawer_counter":3,"mcwfurnitures:stripped_birch_bookshelf_cupboard":2,"mcwfurnitures:stripped_oak_double_wardrobe":6,"minecraft:cut_sandstone":5,"create_confectionery:black_chocolate_bricks":31,"magistuarmory:barbedclub":17,"decorative_blocks:warped_support":5,"minecraft:smooth_quartz_stairs":9,"minecraft:white_wool":34,"mcwfurnitures:stripped_oak_modern_chair":1,"minecraft:sand":488,"minecraft:cut_sandstone_slab":359,"farmersdelight:warped_pantry":2,"mcwfurnitures:stripped_birch_cupboard_counter":2,"minecraft:light_blue_wool":60,"mcwfurnitures:stripped_warped_wardrobe":3,"minecraft:campfire":6,"minecraft:white_bed":15,"minecraft:fire_coral":4,"minecraft:cake":2,"decorative_blocks:chandelier":5,"mcwlights:soul_classic_street_lamp":3,"decorative_blocks:birch_palisade":27,"mcwfurnitures:stripped_warped_counter":21,"minecraft:flower_pot":20,"minecraft:chiseled_sandstone":100,"minecraft:acacia_door":5,"mcwfurnitures:stripped_birch_drawer_counter":2,"minecraft:heavy_weighted_pressure_plate":57,"minecraft:cyan_bed":5,"minecraft:warped_slab":39,"minecraft:lectern":4,"minecraft:spruce_trapdoor":6,"mcwfurnitures:stripped_oak_wardrobe":4,"create_confectionery:caramel_bricks_slab":5,"mcwfurnitures:stripped_birch_double_drawer":6,"minecraft:prismarine_wall":129,"create_confectionery:black_chocolate_bricks_wall":12,"minecraft:lilac":33,"minecraft:polished_andesite_slab":2,"minecraft:stripped_warped_hyphae":2,"minecraft:chiseled_stone_bricks":175,"mcwlights:classic_street_lamp":13,"mcwfurnitures:stripped_oak_glass_table":6,"minecraft:warped_fence_gate":4,"minecraft:white_stained_glass":36,"minecraft:sandstone_slab":43,"minecraft:chain":17,"minecraft:smooth_stone_slab":23,"decorative_blocks:brazier":3,"minecraft:sea_pickle":19,"minecraft:polished_blackstone_button":8,"minecraft:white_concrete":476,"minecraft:tropical_fish_bucket":61,"minecraft:gray_wool":93,"minecraft:bone_meal":16},"minecraft:dropped":{"minecraft:quartz_pillar":1,"create_confectionery:marshmallow_on_a_stick":2,"minecraft:honey_bottle":1,"minecraft:chiseled_stone_bricks":1},"minecraft:mined":{"minecraft:grass":2},"minecraft:killed":{"minecraft:spider":7,"minecraft:skeleton":2,"minecraft:tropical_fish":41,"minecraft:pig":1,"minecraft:wandering_trader":1,"minecraft:creeper":4,"minecraft:sheep":1,"minecraft:trader_llama":2,"minecraft:zombie":6,"minecraft:enderman":2},"minecraft:killed_by":{"minecraft:player":1},"minecraft:picked_up":{"minecraft:birch_door":1,"magistuarmory:barbedclub":1,"minecraft:leather_leggings":1,"minecraft:lead":2,"minecraft:diamond_sword":1,"create:handheld_worldshaper":2,"minecraft:potion":1,"minecraft:heavy_weighted_pressure_plate":2,"magistuarmory:netherite_shortsword":1,"minecraft:cornflower":1,"minecraft:string":5,"minecraft:oak_sign":6,"magistuarmory:knight_leggings":1,"spartanshields:shield_botania_elementium":2,"minecraft:poppy":4,"magistuarmory:knight_boots":1,"minecraft:enchanted_golden_apple":18,"minecraft:sugar_cane":3,"minecraft:torch":2,"sophisticatedbackpacks:backpack":2,"minecraft:porkchop":3,"minecraft:quartz_pillar":1,"magistuarmory:heavy_crossbow":1,"minecraft:rotten_flesh":4,"create_confectionery:full_black_chocolate_bar":1,"minecraft:tropical_fish":41,"minecraft:mutton":1,"minecraft:white_wool":1,"minecraft:air":0,"minecraft:cooked_beef":3,"minecraft:leather":1,"magistuarmory:diamond_zweihander":1,"magistuarmory:armet":1,"create_confectionery:hot_chocolate_bottle":1,"minecraft:gunpowder":2,"farmersdelight:skillet":1,"minecraft:lantern":2,"minecraft:cooked_mutton":4,"minecraft:apple":1,"farmersdelight:iron_knife":1,"create_confectionery:chocolate_candy":1,"farmersdelight:cooking_pot":1,"minecraft:wheat_seeds":252,"magistuarmory:netherite_katzbalger":1,"minecraft:bamboo":28,"minecraft:cooked_porkchop":3,"magistuarmory:knight_chestplate":1,"magistuarmory:netherite_lucernhammer":1,"minecraft:sand":1,"minecraft:spider_eye":2,"magistuarmory:diamond_chainmorgenstern":1,"create_confectionery:marshmallow":1,"create_confectionery:bar_of_black_chocolate":1,"minecraft:polished_blackstone_button":1,"minecraft:writable_book":4,"minecraft:diamond_axe":1,"minecraft:diamond_pickaxe":1}},"DataVersion":2586}