{"stats":{"minecraft:killed_by":{"minecraft:player":1},"minecraft:mined":{"minecraft:grass":2},"minecraft:picked_up":{"minecraft:birch_door":1,"minecraft:music_disc_strad":1,"minecraft:lead":3,"minecraft:diamond_sword":1,"minecraft:potion":1,"magistuarmory:netherite_shortsword":1,"minecraft:music_disc_cat":1,"minecraft:string":14,"minecraft:pufferfish":2,"minecraft:oak_sign":6,"minecraft:enchanted_golden_apple":18,"minecraft:music_disc_blocks":1,"minecraft:torch":2,"minecraft:porkchop":3,"minecraft:music_disc_pigstep":1,"minecraft:rotten_flesh":11,"minecraft:tropical_fish":41,"minecraft:music_disc_ward":1,"minecraft:music_disc_wait":1,"minecraft:cooked_beef":3,"magistuarmory:diamond_zweihander":1,"create_confectionery:hot_chocolate_bottle":1,"minecraft:lantern":9,"minecraft:bone":6,"farmersdelight:iron_knife":1,"minecraft:bow":1,"minecraft:wheat_seeds":252,"create:shaft":1,"minecraft:bamboo":28,"minecraft:cooked_porkchop":3,"minecraft:music_disc_13":1,"magistuarmory:netherite_lucernhammer":1,"minecraft:sand":1,"minecraft:crimson_door":2,"minecraft:lily_of_the_valley":1,"magistuarmory:diamond_chainmorgenstern":1,"create_confectionery:bar_of_black_chocolate":1,"minecraft:writable_book":4,"minecraft:polished_blackstone_button":1,"minecraft:diamond_pickaxe":1,"magistuarmory:barbedclub":1,"minecraft:leather_leggings":1,"create:handheld_worldshaper":2,"minecraft:heavy_weighted_pressure_plate":2,"minecraft:cornflower":1,"minecraft:white_carpet":2,"spartanshields:shield_botania_elementium":2,"magistuarmory:knight_leggings":1,"minecraft:poppy":4,"magistuarmory:knight_boots":1,"minecraft:sugar_cane":3,"minecraft:music_disc_mellohi":1,"sophisticatedbackpacks:backpack":2,"minecraft:quartz_pillar":1,"minecraft:blue_carpet":3,"magistuarmory:heavy_crossbow":1,"minecraft:arrow":8,"create_confectionery:full_black_chocolate_bar":1,"minecraft:mutton":1,"minecraft:white_wool":1,"minecraft:air":0,"minecraft:leather":2,"minecraft:music_disc_stal":2,"magistuarmory:armet":1,"minecraft:gunpowder":15,"farmersdelight:skillet":1,"minecraft:cooked_mutton":4,"create_confectionery:chocolate_candy":1,"minecraft:apple":1,"farmersdelight:cooking_pot":1,"magistuarmory:netherite_katzbalger":1,"minecraft:music_disc_far":1,"minecraft:music_disc_chirp":1,"magistuarmory:knight_chestplate":1,"minecraft:spider_eye":4,"create_confectionery:marshmallow":1,"minecraft:music_disc_mall":2,"minecraft:diamond_axe":1},"minecraft:used":{"mcwfurnitures:stripped_warped_large_drawer":2,"mcwfurnitures:oak_chair":1,"minecraft:music_disc_far":1,"minecraft:writable_book":4,"minecraft:cut_red_sandstone_slab":11,"minecraft:smooth_quartz_slab":47,"mcwlights:black_ceiling_light":29,"minecraft:oak_sign":14,"farmersdelight:stove":4,"minecraft:chest":2,"butchersdelight:hook":2,"minecraft:white_shulker_box":6,"minecraft:red_nether_brick_stairs":25,"create_confectionery:black_chocolate_bricks_stairs":21,"minecraft:quartz_stairs":90,"minecraft:bubble_coral":6,"mcwfurnitures:stripped_warped_modern_chair":17,"create:oak_window":7,"minecraft:stripped_crimson_stem":38,"minecraft:tube_coral":5,"a_man_with_plushies:female_indeedee_plush":1,"magistuarmory:netherite_shortsword":52,"mcwfurnitures:stripped_birch_large_drawer":6,"minecraft:lily_of_the_valley":47,"decorative_blocks:birch_beam":18,"minecraft:blue_stained_glass":13,"mcwfurnitures:stripped_oak_counter":21,"mcwfurnitures:stripped_warped_coffee_table":5,"minecraft:nether_bricks":42,"mcwlights:crimson_ceiling_fan_light":2,"mcwlights:iron_low_candle_holder":3,"minecraft:acacia_button":1,"minecraft:music_disc_13":1,"decorative_blocks:lattice":9,"minecraft:cyan_wool":6,"mcwfurnitures:stripped_warped_striped_chair":12,"minecraft:azure_bluet":26,"create:polished_dolomite":152,"minecraft:glass":80,"mcwlights:iron_candle_holder":11,"mcwlights:iron_wall_candle_holder":10,"minecraft:quartz_pillar":379,"minecraft:red_wool":315,"minecraft:music_disc_pigstep":1,"minecraft:quartz_slab":40,"minecraft:warped_hyphae":33,"minecraft:lantern":106,"minecraft:grass_block":339,"minecraft:music_disc_ward":1,"butchersdelight:piperbush":4,"minecraft:green_wool":1,"minecraft:quartz_block":136,"minecraft:music_disc_chirp":1,"mcwfurnitures:stripped_birch_modern_chair":28,"minecraft:music_disc_wait":1,"minecraft:diorite_wall":23,"minecraft:pink_wool":1,"mcwfurnitures:stripped_oak_bookshelf_cupboard":24,"decorative_blocks:crimson_support":14,"mcwfurnitures:stripped_crimson_bookshelf":3,"minecraft:music_disc_stal":2,"minecraft:item_frame":24,"decorative_blocks:warped_beam":2,"minecraft:birch_trapdoor":2,"minecraft:red_carpet":3,"farmersdelight:cutting_board":19,"mcwfurnitures:stripped_oak_cupboard_counter":9,"create:ornate_iron_window_pane":21,"create:shaft":41,"a_man_with_plushies:henry_stickmin_plush":1,"mcwfurnitures:stripped_oak_large_drawer":5,"mcwfurnitures:oak_striped_chair":6,"mcwfurnitures:stripped_birch_glass_table":18,"mcwfurnitures:stripped_oak_striped_chair":5,"minecraft:seagrass":21,"farmersdelight:full_tatami_mat":2,"minecraft:end_rod":12,"minecraft:end_stone_bricks":26,"create:paved_dolomite":2,"minecraft:stripped_birch_log":27,"minecraft:red_stained_glass":12,"mcwfurnitures:stripped_birch_bookshelf_cupboard":2,"mcwfurnitures:stripped_oak_double_wardrobe":6,"minecraft:black_glazed_terracotta":44,"create_confectionery:black_chocolate_bricks":31,"mcwlights:birch_tiki_torch":1,"decorative_blocks:warped_support":17,"minecraft:smooth_quartz_stairs":9,"minecraft:white_wool":34,"mcwfurnitures:stripped_oak_modern_chair":1,"minecraft:sand":488,"minecraft:cut_sandstone_slab":359,"minecraft:light_blue_wool":61,"create:ornate_iron_window":175,"minecraft:acacia_leaves":71,"decorative_blocks:crimson_beam":995,"decorative_blocks:chandelier":5,"minecraft:crimson_fence_gate":11,"minecraft:purple_concrete_powder":2,"farmersdelight:black_canvas_sign":27,"mcwlights:soul_classic_street_lamp":3,"mcwfurnitures:stripped_warped_counter":25,"minecraft:blue_glazed_terracotta":2,"minecraft:black_concrete":316,"minecraft:birch_fence_gate":6,"minecraft:chiseled_sandstone":100,"minecraft:acacia_door":7,"mcwfurnitures:stripped_birch_drawer_counter":2,"minecraft:music_disc_mall":2,"minecraft:heavy_weighted_pressure_plate":170,"minecraft:cyan_bed":5,"minecraft:warped_slab":39,"minecraft:lectern":11,"minecraft:white_glazed_terracotta":276,"mcwfurnitures:stripped_oak_wardrobe":4,"minecraft:iron_door":5,"create_confectionery:caramel_bricks_slab":5,"mcwfurnitures:stripped_crimson_double_wardrobe":3,"minecraft:prismarine_wall":129,"minecraft:lilac":33,"minecraft:polished_andesite_slab":2,"mcwfurnitures:crimson_coffee_table":2,"mcwfurnitures:stripped_crimson_bookshelf_cupboard":3,"minecraft:stripped_warped_hyphae":7,"mcwfurnitures:stripped_crimson_bookshelf_drawer":4,"minecraft:coal_block":228,"minecraft:pufferfish_bucket":24,"mcwfurnitures:stripped_oak_glass_table":6,"mcwfurnitures:stripped_crimson_glass_table":218,"minecraft:white_stained_glass":36,"minecraft:crimson_door":17,"minecraft:chain":17,"minecraft:pink_stained_glass":24,"minecraft:smooth_stone_slab":23,"mcwlights:lava_lamp":1,"a_man_with_plushies:red_pikmin_plush":1,"minecraft:white_concrete":2100,"minecraft:tropical_fish_bucket":61,"minecraft:bone_meal":16,"minecraft:purple_wool":5,"minecraft:oak_trapdoor":9,"minecraft:netherite_sword":440,"mcwfurnitures:stripped_crimson_modern_chair":218,"create:fancy_dolomite_bricks":11,"minecraft:jungle_leaves":4,"minecraft:rose_bush":8,"minecraft:iron_bars":6,"minecraft:crimson_fence":6,"create:crimson_window_pane":33,"minecraft:flint_and_steel":14,"minecraft:white_tulip":22,"minecraft:carved_pumpkin":4,"minecraft:armor_stand":14,"mcwfurnitures:stripped_crimson_large_drawer":13,"minecraft:stripped_warped_stem":32,"mcwlights:iron_chandelier":2,"minecraft:sandstone_wall":35,"mcwfurnitures:stripped_crimson_coffee_table":39,"create_confectionery:black_chocolate_bricks_slab":19,"minecraft:orange_stained_glass":11,"minecraft:torch":25,"a_man_with_plushies:freddy_fazbear_plush":1,"minecraft:red_nether_brick_slab":28,"decorative_blocks:oak_palisade":3,"a_man_with_plushies:cuphead_plush":1,"create_confectionery:caramel_bricks":18,"minecraft:crimson_hyphae":96,"minecraft:nether_brick_slab":148,"decorative_blocks:oak_support":7,"mcwfurnitures:stripped_warped_bookshelf_cupboard":21,"minecraft:spruce_fence":21,"minecraft:light_blue_stained_glass":1,"magistuarmory:netherite_lucernhammer":3,"minecraft:nether_brick_stairs":65,"minecraft:polished_diorite":165,"create:spruce_window":53,"minecraft:birch_door":8,"minecraft:shroomlight":3,"decorative_blocks:bar_panel":1,"minecraft:music_disc_mellohi":1,"a_man_with_plushies:fall_guy_plush":1,"mcwlights:garden_light":27,"minecraft:sea_lantern":108,"create:warped_window":8,"decorative_blocks:crimson_palisade":22,"a_man_with_plushies:creeper_plush":1,"minecraft:oak_stairs":1,"minecraft:yellow_stained_glass":11,"minecraft:iron_block":132,"farmersdelight:gray_canvas_sign":7,"minecraft:smooth_sandstone":95,"minecraft:crimson_slab":89,"decorative_blocks:warped_palisade":5,"minecraft:smooth_quartz":32,"decorative_blocks:jungle_palisade":1,"mcwlights:black_lamp":20,"create:creative_motor":3,"magistuarmory:diamond_chainmorgenstern":6,"create_confectionery:caramel_bricks_stairs":25,"mcwlights:sea_lantern_slab":22,"farmersdelight:canvas_rug":1,"minecraft:bamboo":9,"minecraft:glowstone":237,"a_man_with_plushies:ghast_plush":1,"minecraft:black_stained_glass":149,"minecraft:magenta_wool":1,"mcwlights:golden_chain":16,"mcwfurnitures:stripped_warped_double_wardrobe":4,"minecraft:lime_stained_glass":5,"a_man_with_plushies:sans_plush":1,"farmersdelight:cooking_pot":4,"minecraft:mossy_stone_brick_wall":61,"minecraft:enchanted_golden_apple":4,"create_confectionery:caramel_bricks_wall":5,"decorative_blocks:birch_seat":13,"create:handheld_worldshaper":71,"mcwfurnitures:stripped_oak_coffee_table":1,"minecraft:water_bucket":26,"mcwfurnitures:stripped_oak_bookshelf":19,"farmersdelight:skillet":1,"minecraft:prismarine_brick_slab":70,"mcwfurnitures:stripped_oak_double_drawer_counter":3,"spartanshields:shield_botania_elementium":2,"create:dolomite_bricks":2,"minecraft:lime_wool":1,"minecraft:red_nether_bricks":209,"minecraft:blue_wool":1,"create:crimson_window":182,"create:red_seat":18,"minecraft:cut_sandstone":5,"minecraft:beacon":27,"magistuarmory:barbedclub":17,"a_man_with_plushies:audino_plush":1,"minecraft:diamond_block":5,"minecraft:music_disc_cat":1,"mcwlights:redstone_lamp_slab":123,"minecraft:red_bed":6,"mcwfurnitures:stripped_birch_cupboard_counter":2,"farmersdelight:warped_pantry":2,"mcwfurnitures:stripped_warped_wardrobe":3,"minecraft:campfire":6,"minecraft:white_bed":15,"minecraft:dark_oak_fence_gate":4,"minecraft:fire_coral":4,"minecraft:cake":2,"minecraft:music_disc_strad":1,"minecraft:dark_oak_door":4,"minecraft:cyan_stained_glass":1,"minecraft:purple_stained_glass":11,"decorative_blocks:birch_palisade":27,"minecraft:flower_pot":25,"minecraft:black_wool":15,"minecraft:warped_trapdoor":1,"minecraft:spruce_trapdoor":6,"mcwfurnitures:stripped_birch_double_drawer":6,"create_confectionery:black_chocolate_bricks_wall":12,"minecraft:music_disc_blocks":1,"minecraft:yellow_wool":3,"minecraft:chiseled_stone_bricks":299,"minecraft:crimson_stairs":31,"mcwlights:classic_street_lamp":13,"farmersdelight:red_canvas_sign":13,"minecraft:warped_fence_gate":4,"minecraft:sandstone_slab":43,"mcwlights:covered_lantern":5,"minecraft:polished_blackstone_button":8,"minecraft:sea_pickle":19,"decorative_blocks:brazier":3,"create:dark_oak_window":16,"minecraft:purple_carpet":17,"minecraft:gray_wool":93,"minecraft:jukebox":4,"minecraft:soul_torch":99,"minecraft:green_stained_glass":7},"minecraft:killed":{"minecraft:spider":15,"minecraft:pufferfish":1,"minecraft:skeleton":10,"minecraft:tropical_fish":41,"minecraft:pig":1,"minecraft:zombie_villager":1,"minecraft:creeper":17,"minecraft:sheep":1,"minecraft:trader_llama":3,"minecraft:zombie":16,"minecraft:wandering_trader":2,"minecraft:enderman":2},"minecraft:custom":{"minecraft:leave_game":26,"minecraft:time_since_death":1256827,"minecraft:damage_resisted":174,"minecraft:sprint_one_cm":117706,"minecraft:damage_blocked_by_shield":460,"minecraft:drop":5,"minecraft:deaths":3,"minecraft:jump":3404,"minecraft:walk_on_water_one_cm":82135,"minecraft:play_record":14,"minecraft:play_one_minute":1484795,"minecraft:damage_dealt":14979,"minecraft:interact_with_beacon":10,"minecraft:crouch_one_cm":3454,"minecraft:mob_kills":117,"minecraft:interact_with_campfire":16,"minecraft:damage_dealt_resisted":240,"minecraft:climb_one_cm":5927,"minecraft:walk_one_cm":2784008,"minecraft:sneak_time":10941,"minecraft:walk_under_water_one_cm":171467,"minecraft:interact_with_lectern":6,"minecraft:pot_flower":11,"minecraft:time_since_rest":1256876,"minecraft:damage_absorbed":287,"minecraft:damage_taken":549,"minecraft:swim_one_cm":4798,"minecraft:fly_one_cm":2368483,"minecraft:open_chest":3,"minecraft:fall_one_cm":1254},"minecraft:dropped":{"minecraft:quartz_pillar":1,"minecraft:honey_bottle":1,"minecraft:chiseled_stone_bricks":1,"create_confectionery:marshmallow_on_a_stick":2}},"DataVersion":2586}