{"stats":{"minecraft:dropped":{"minecraft:quartz_pillar":1,"minecraft:honey_bottle":1,"minecraft:chiseled_stone_bricks":1},"minecraft:killed":{"minecraft:pig":1,"minecraft:spider":7,"minecraft:creeper":1,"minecraft:sheep":1,"minecraft:zombie":5,"minecraft:enderman":1},"minecraft:custom":{"minecraft:mob_kills":17,"minecraft:play_one_minute":398844,"minecraft:interact_with_campfire":16,"minecraft:damage_dealt_resisted":240,"minecraft:leave_game":1,"minecraft:time_since_death":170876,"minecraft:climb_one_cm":5402,"minecraft:damage_resisted":174,"minecraft:time_since_rest":170925,"minecraft:walk_one_cm":489087,"minecraft:sprint_one_cm":28941,"minecraft:damage_taken":549,"minecraft:damage_absorbed":287,"minecraft:damage_blocked_by_shield":460,"minecraft:drop":3,"minecraft:damage_dealt":3042,"minecraft:swim_one_cm":4462,"minecraft:fly_one_cm":1394311,"minecraft:open_chest":3,"minecraft:crouch_one_cm":733,"minecraft:deaths":3,"minecraft:sneak_time":3222,"minecraft:walk_under_water_one_cm":60174,"minecraft:interact_with_lectern":6,"minecraft:jump":740,"minecraft:walk_on_water_one_cm":30976,"minecraft:fall_one_cm":1254},"minecraft:used":{"decorative_blocks:birch_seat":13,"create:handheld_worldshaper":31,"minecraft:netherite_sword":67,"minecraft:end_rod":12,"minecraft:writable_book":4,"minecraft:end_stone_bricks":26,"minecraft:prismarine_brick_slab":67,"minecraft:flint_and_steel":14,"minecraft:stripped_birch_log":27,"spartanshields:shield_botania_elementium":2,"minecraft:chest":2,"mcwfurnitures:stripped_birch_bookshelf_cupboard":2,"minecraft:cut_sandstone":5,"minecraft:quartz_stairs":10,"magistuarmory:barbedclub":17,"minecraft:bubble_coral":6,"minecraft:sandstone_wall":35,"minecraft:tube_coral":5,"minecraft:white_wool":34,"minecraft:torch":8,"magistuarmory:netherite_shortsword":52,"minecraft:sand":380,"decorative_blocks:birch_beam":18,"minecraft:cut_sandstone_slab":359,"minecraft:light_blue_wool":60,"minecraft:campfire":6,"minecraft:fire_coral":4,"minecraft:cake":2,"magistuarmory:netherite_lucernhammer":3,"minecraft:birch_door":6,"minecraft:shroomlight":3,"decorative_blocks:birch_palisade":15,"minecraft:glass":44,"minecraft:flower_pot":2,"minecraft:sea_lantern":51,"minecraft:chiseled_sandstone":100,"minecraft:quartz_pillar":155,"mcwfurnitures:stripped_birch_drawer_counter":1,"minecraft:heavy_weighted_pressure_plate":16,"minecraft:lantern":90,"minecraft:quartz_slab":23,"minecraft:grass_block":337,"minecraft:smooth_sandstone":95,"minecraft:lectern":4,"mcwfurnitures:stripped_birch_modern_chair":11,"mcwfurnitures:stripped_birch_double_drawer":6,"minecraft:prismarine_wall":102,"magistuarmory:diamond_chainmorgenstern":6,"minecraft:polished_andesite_slab":2,"minecraft:item_frame":9,"minecraft:chiseled_stone_bricks":174,"minecraft:glowstone":27,"create:shaft":3,"minecraft:white_stained_glass":36,"mcwfurnitures:stripped_birch_glass_table":18,"minecraft:sandstone_slab":43,"minecraft:chain":8,"minecraft:smooth_stone_slab":23,"decorative_blocks:brazier":3,"minecraft:sea_pickle":19,"minecraft:white_concrete":420,"minecraft:tropical_fish_bucket":25,"mcwfurnitures:stripped_oak_striped_chair":2,"minecraft:gray_wool":89,"minecraft:enchanted_golden_apple":4,"minecraft:seagrass":21,"minecraft:mossy_stone_brick_wall":61},"minecraft:picked_up":{"minecraft:birch_door":1,"minecraft:cooked_beef":3,"magistuarmory:barbedclub":1,"minecraft:leather_leggings":1,"magistuarmory:diamond_zweihander":1,"minecraft:diamond_sword":1,"magistuarmory:armet":1,"create:handheld_worldshaper":2,"minecraft:potion":1,"minecraft:heavy_weighted_pressure_plate":2,"minecraft:cornflower":1,"magistuarmory:netherite_shortsword":1,"minecraft:string":5,"minecraft:lantern":2,"minecraft:cooked_mutton":4,"minecraft:apple":1,"minecraft:wheat_seeds":252,"magistuarmory:netherite_katzbalger":1,"spartanshields:shield_botania_elementium":2,"magistuarmory:knight_leggings":1,"minecraft:poppy":4,"magistuarmory:knight_boots":1,"minecraft:enchanted_golden_apple":18,"minecraft:sugar_cane":3,"minecraft:cooked_porkchop":3,"minecraft:torch":1,"sophisticatedbackpacks:backpack":2,"magistuarmory:knight_chestplate":1,"magistuarmory:netherite_lucernhammer":1,"minecraft:porkchop":3,"minecraft:sand":1,"minecraft:quartz_pillar":1,"minecraft:spider_eye":2,"magistuarmory:diamond_chainmorgenstern":1,"magistuarmory:heavy_crossbow":1,"minecraft:rotten_flesh":3,"minecraft:writable_book":4,"minecraft:diamond_axe":1,"minecraft:mutton":1,"minecraft:white_wool":1,"minecraft:diamond_pickaxe":1},"minecraft:mined":{"minecraft:grass":2},"minecraft:killed_by":{"minecraft:player":1}},"DataVersion":2586}