{"stats":{"minecraft:dropped":{"minecraft:quartz_pillar":1,"minecraft:honey_bottle":1,"minecraft:chiseled_stone_bricks":1},"minecraft:picked_up":{"minecraft:birch_door":1,"minecraft:cooked_beef":3,"magistuarmory:barbedclub":1,"minecraft:leather_leggings":1,"magistuarmory:diamond_zweihander":1,"minecraft:diamond_sword":1,"magistuarmory:armet":1,"create:handheld_worldshaper":2,"minecraft:potion":1,"minecraft:heavy_weighted_pressure_plate":2,"minecraft:cornflower":1,"magistuarmory:netherite_shortsword":1,"minecraft:string":5,"minecraft:lantern":2,"minecraft:cooked_mutton":4,"minecraft:oak_sign":6,"minecraft:apple":1,"minecraft:wheat_seeds":252,"magistuarmory:netherite_katzbalger":1,"magistuarmory:knight_leggings":1,"spartanshields:shield_botania_elementium":2,"magistuarmory:knight_boots":1,"minecraft:poppy":4,"minecraft:enchanted_golden_apple":18,"minecraft:bamboo":17,"minecraft:sugar_cane":3,"minecraft:cooked_porkchop":3,"minecraft:torch":2,"sophisticatedbackpacks:backpack":2,"magistuarmory:knight_chestplate":1,"magistuarmory:netherite_lucernhammer":1,"minecraft:porkchop":3,"minecraft:sand":1,"minecraft:quartz_pillar":1,"minecraft:spider_eye":2,"magistuarmory:diamond_chainmorgenstern":1,"magistuarmory:heavy_crossbow":1,"minecraft:rotten_flesh":3,"minecraft:writable_book":4,"minecraft:diamond_axe":1,"minecraft:mutton":1,"minecraft:white_wool":1,"minecraft:diamond_pickaxe":1},"minecraft:killed_by":{"minecraft:player":1},"minecraft:used":{"decorative_blocks:birch_seat":13,"minecraft:oak_trapdoor":9,"create:handheld_worldshaper":32,"mcwfurnitures:oak_chair":1,"mcwfurnitures:stripped_oak_coffee_table":1,"minecraft:netherite_sword":70,"minecraft:iron_bars":6,"minecraft:writable_book":4,"mcwfurnitures:stripped_oak_bookshelf":19,"minecraft:end_rod":12,"minecraft:end_stone_bricks":26,"minecraft:prismarine_brick_slab":70,"minecraft:flint_and_steel":14,"minecraft:stripped_birch_log":27,"mcwfurnitures:stripped_oak_double_drawer_counter":3,"spartanshields:shield_botania_elementium":2,"minecraft:oak_sign":14,"mcwfurnitures:stripped_birch_bookshelf_cupboard":2,"minecraft:chest":2,"mcwfurnitures:stripped_oak_double_wardrobe":6,"minecraft:cut_sandstone":5,"minecraft:white_shulker_box":6,"magistuarmory:barbedclub":17,"minecraft:quartz_stairs":10,"minecraft:bubble_coral":6,"minecraft:sandstone_wall":35,"minecraft:tube_coral":5,"decorative_blocks:warped_support":5,"minecraft:smooth_quartz_stairs":9,"minecraft:white_wool":34,"minecraft:torch":15,"mcwfurnitures:stripped_oak_modern_chair":1,"magistuarmory:netherite_shortsword":52,"mcwfurnitures:stripped_birch_large_drawer":6,"minecraft:sand":485,"decorative_blocks:birch_beam":18,"minecraft:cut_sandstone_slab":359,"decorative_blocks:oak_palisade":3,"mcwfurnitures:stripped_oak_counter":21,"minecraft:light_blue_wool":60,"mcwfurnitures:stripped_birch_cupboard_counter":2,"decorative_blocks:lattice":6,"decorative_blocks:oak_support":3,"minecraft:white_bed":15,"minecraft:campfire":6,"minecraft:fire_coral":4,"minecraft:cyan_wool":5,"minecraft:spruce_fence":12,"minecraft:cake":2,"magistuarmory:netherite_lucernhammer":3,"decorative_blocks:birch_palisade":27,"minecraft:shroomlight":3,"minecraft:birch_door":6,"decorative_blocks:bar_panel":1,"minecraft:glass":44,"minecraft:flower_pot":2,"minecraft:sea_lantern":51,"minecraft:heavy_weighted_pressure_plate":57,"minecraft:quartz_slab":23,"minecraft:quartz_pillar":155,"minecraft:chiseled_sandstone":100,"minecraft:acacia_door":5,"mcwfurnitures:stripped_birch_drawer_counter":2,"minecraft:grass_block":337,"minecraft:lantern":94,"minecraft:oak_stairs":1,"minecraft:cyan_bed":5,"minecraft:smooth_sandstone":95,"minecraft:lectern":4,"mcwfurnitures:stripped_birch_modern_chair":28,"decorative_blocks:warped_palisade":5,"minecraft:spruce_trapdoor":6,"mcwfurnitures:stripped_oak_wardrobe":4,"mcwfurnitures:stripped_oak_bookshelf_cupboard":24,"decorative_blocks:jungle_palisade":1,"mcwfurnitures:stripped_birch_double_drawer":6,"minecraft:prismarine_wall":129,"minecraft:polished_andesite_slab":2,"magistuarmory:diamond_chainmorgenstern":6,"minecraft:item_frame":9,"minecraft:bamboo":9,"minecraft:chiseled_stone_bricks":174,"minecraft:birch_trapdoor":2,"decorative_blocks:warped_beam":2,"minecraft:glowstone":27,"mcwfurnitures:stripped_oak_cupboard_counter":9,"create:shaft":3,"create:ornate_iron_window_pane":21,"mcwfurnitures:stripped_oak_large_drawer":5,"mcwfurnitures:oak_striped_chair":3,"minecraft:warped_fence_gate":4,"minecraft:white_stained_glass":36,"mcwfurnitures:stripped_birch_glass_table":18,"minecraft:sandstone_slab":43,"minecraft:chain":8,"minecraft:smooth_stone_slab":23,"decorative_blocks:brazier":3,"minecraft:sea_pickle":19,"minecraft:gray_wool":93,"minecraft:white_concrete":439,"minecraft:tropical_fish_bucket":25,"minecraft:mossy_stone_brick_wall":61,"mcwfurnitures:stripped_oak_striped_chair":5,"minecraft:enchanted_golden_apple":4,"minecraft:seagrass":21,"minecraft:bone_meal":16},"minecraft:custom":{"minecraft:mob_kills":18,"minecraft:play_one_minute":489181,"minecraft:interact_with_campfire":16,"minecraft:damage_dealt_resisted":240,"minecraft:leave_game":14,"minecraft:time_since_death":261213,"minecraft:climb_one_cm":5402,"minecraft:damage_resisted":174,"minecraft:time_since_rest":261262,"minecraft:sprint_one_cm":31452,"minecraft:walk_one_cm":629974,"minecraft:damage_taken":549,"minecraft:damage_absorbed":287,"minecraft:damage_blocked_by_shield":460,"minecraft:drop":3,"minecraft:damage_dealt":3242,"minecraft:swim_one_cm":4798,"minecraft:fly_one_cm":1553485,"minecraft:open_chest":3,"minecraft:crouch_one_cm":1327,"minecraft:deaths":3,"minecraft:sneak_time":3973,"minecraft:walk_under_water_one_cm":114085,"minecraft:interact_with_lectern":6,"minecraft:jump":912,"minecraft:walk_on_water_one_cm":47131,"minecraft:fall_one_cm":1254},"minecraft:killed":{"minecraft:pig":1,"minecraft:spider":7,"minecraft:creeper":1,"minecraft:sheep":1,"minecraft:skeleton":1,"minecraft:zombie":5,"minecraft:enderman":1},"minecraft:mined":{"minecraft:grass":2}},"DataVersion":2586}