{"stats":{"minecraft:custom":{"minecraft:mob_kills":17,"minecraft:play_one_minute":336487,"minecraft:damage_dealt_resisted":240,"minecraft:time_since_death":108519,"minecraft:damage_resisted":174,"minecraft:climb_one_cm":5402,"minecraft:time_since_rest":108568,"minecraft:sprint_one_cm":25474,"minecraft:damage_absorbed":287,"minecraft:damage_taken":549,"minecraft:walk_one_cm":405497,"minecraft:damage_blocked_by_shield":460,"minecraft:drop":2,"minecraft:damage_dealt":3042,"minecraft:swim_one_cm":4462,"minecraft:fly_one_cm":1257612,"minecraft:crouch_one_cm":644,"minecraft:deaths":3,"minecraft:sneak_time":2941,"minecraft:walk_under_water_one_cm":56318,"minecraft:jump":654,"minecraft:walk_on_water_one_cm":30895,"minecraft:fall_one_cm":1254},"minecraft:mined":{"minecraft:grass":2},"minecraft:dropped":{"minecraft:quartz_pillar":1,"minecraft:chiseled_stone_bricks":1},"minecraft:killed_by":{"minecraft:player":1},"minecraft:killed":{"minecraft:pig":1,"minecraft:spider":7,"minecraft:creeper":1,"minecraft:sheep":1,"minecraft:zombie":5,"minecraft:enderman":1},"minecraft:picked_up":{"magistuarmory:barbedclub":1,"minecraft:leather_leggings":1,"magistuarmory:diamond_zweihander":1,"minecraft:diamond_sword":1,"magistuarmory:armet":1,"create:handheld_worldshaper":1,"minecraft:potion":1,"magistuarmory:netherite_shortsword":1,"minecraft:cornflower":1,"minecraft:string":5,"minecraft:lantern":2,"minecraft:apple":1,"minecraft:wheat_seeds":252,"magistuarmory:netherite_katzbalger":1,"spartanshields:shield_botania_elementium":2,"magistuarmory:knight_leggings":1,"minecraft:poppy":2,"magistuarmory:knight_boots":1,"minecraft:enchanted_golden_apple":18,"minecraft:sugar_cane":3,"minecraft:torch":1,"sophisticatedbackpacks:backpack":2,"magistuarmory:knight_chestplate":1,"magistuarmory:netherite_lucernhammer":1,"minecraft:porkchop":3,"minecraft:sand":1,"minecraft:quartz_pillar":1,"minecraft:spider_eye":2,"magistuarmory:diamond_chainmorgenstern":1,"magistuarmory:heavy_crossbow":1,"minecraft:rotten_flesh":3,"minecraft:diamond_axe":1,"minecraft:mutton":1,"minecraft:white_wool":1,"minecraft:diamond_pickaxe":1},"minecraft:used":{"decorative_blocks:birch_seat":13,"create:handheld_worldshaper":30,"minecraft:netherite_sword":67,"minecraft:end_rod":12,"minecraft:end_stone_bricks":26,"minecraft:flint_and_steel":14,"minecraft:stripped_birch_log":27,"spartanshields:shield_botania_elementium":2,"mcwfurnitures:stripped_birch_bookshelf_cupboard":2,"magistuarmory:barbedclub":17,"minecraft:bubble_coral":6,"minecraft:sandstone_wall":35,"minecraft:tube_coral":5,"minecraft:white_wool":34,"minecraft:torch":7,"magistuarmory:netherite_shortsword":52,"minecraft:sand":372,"decorative_blocks:birch_beam":18,"minecraft:cut_sandstone_slab":334,"minecraft:light_blue_wool":59,"minecraft:campfire":1,"minecraft:fire_coral":4,"magistuarmory:netherite_lucernhammer":3,"minecraft:birch_door":5,"minecraft:shroomlight":3,"minecraft:glass":44,"minecraft:sea_lantern":51,"minecraft:chiseled_sandstone":58,"minecraft:quartz_pillar":152,"minecraft:quartz_slab":23,"minecraft:lantern":90,"minecraft:grass_block":337,"minecraft:smooth_sandstone":16,"mcwfurnitures:stripped_birch_modern_chair":11,"mcwfurnitures:stripped_birch_double_drawer":6,"minecraft:prismarine_wall":102,"magistuarmory:diamond_chainmorgenstern":6,"minecraft:polished_andesite_slab":2,"minecraft:chiseled_stone_bricks":174,"minecraft:glowstone":27,"minecraft:white_stained_glass":36,"mcwfurnitures:stripped_birch_glass_table":17,"minecraft:chain":8,"minecraft:smooth_stone_slab":23,"decorative_blocks:brazier":3,"minecraft:sea_pickle":19,"minecraft:white_concrete":420,"minecraft:tropical_fish_bucket":25,"minecraft:enchanted_golden_apple":4,"minecraft:mossy_stone_brick_wall":61,"minecraft:seagrass":21}},"DataVersion":2586}