{"stats":{"minecraft:custom":{"minecraft:mob_kills":72,"minecraft:interact_with_campfire":16,"minecraft:damage_dealt_resisted":240,"minecraft:leave_game":17,"minecraft:time_since_death":489206,"minecraft:damage_resisted":174,"minecraft:climb_one_cm":5402,"minecraft:sprint_one_cm":47257,"minecraft:walk_one_cm":1185177,"minecraft:damage_blocked_by_shield":460,"minecraft:drop":5,"minecraft:deaths":3,"minecraft:sneak_time":4570,"minecraft:walk_under_water_one_cm":157506,"minecraft:interact_with_lectern":6,"minecraft:jump":1408,"minecraft:walk_on_water_one_cm":74631,"minecraft:play_one_minute":717174,"minecraft:pot_flower":6,"minecraft:time_since_rest":489255,"minecraft:damage_absorbed":287,"minecraft:damage_taken":549,"minecraft:damage_dealt":7133,"minecraft:fly_one_cm":1755396,"minecraft:swim_one_cm":4798,"minecraft:open_chest":3,"minecraft:crouch_one_cm":1453,"minecraft:fall_one_cm":1254},"minecraft:used":{"mcwfurnitures:stripped_warped_large_drawer":2,"minecraft:oak_trapdoor":9,"mcwfurnitures:oak_chair":1,"minecraft:netherite_sword":211,"minecraft:rose_bush":8,"minecraft:writable_book":4,"minecraft:iron_bars":6,"minecraft:crimson_fence":6,"minecraft:flint_and_steel":14,"minecraft:armor_stand":1,"minecraft:oak_sign":14,"minecraft:stripped_warped_stem":32,"minecraft:chest":2,"farmersdelight:stove":4,"minecraft:red_nether_brick_stairs":9,"minecraft:white_shulker_box":6,"mcwfurnitures:stripped_warped_modern_chair":5,"create_confectionery:black_chocolate_bricks_stairs":21,"minecraft:quartz_stairs":10,"minecraft:bubble_coral":6,"mcwlights:iron_chandelier":2,"minecraft:sandstone_wall":35,"minecraft:tube_coral":5,"minecraft:stripped_crimson_stem":38,"create_confectionery:black_chocolate_bricks_slab":19,"minecraft:torch":25,"a_man_with_plushies:female_indeedee_plush":1,"magistuarmory:netherite_shortsword":52,"a_man_with_plushies:freddy_fazbear_plush":1,"mcwfurnitures:stripped_birch_large_drawer":6,"decorative_blocks:birch_beam":18,"decorative_blocks:oak_palisade":3,"mcwfurnitures:stripped_oak_counter":21,"a_man_with_plushies:cuphead_plush":1,"minecraft:nether_bricks":42,"create_confectionery:caramel_bricks":18,"minecraft:crimson_hyphae":16,"mcwfurnitures:stripped_warped_striped_chair":8,"decorative_blocks:lattice":6,"decorative_blocks:oak_support":7,"minecraft:spruce_fence":21,"minecraft:acacia_button":1,"mcwfurnitures:stripped_warped_bookshelf_cupboard":21,"minecraft:cyan_wool":5,"minecraft:azure_bluet":24,"magistuarmory:netherite_lucernhammer":3,"minecraft:polished_diorite":165,"minecraft:shroomlight":3,"minecraft:birch_door":6,"decorative_blocks:bar_panel":1,"minecraft:glass":59,"a_man_with_plushies:fall_guy_plush":1,"mcwlights:garden_light":12,"minecraft:sea_lantern":51,"create:warped_window":7,"minecraft:quartz_pillar":227,"a_man_with_plushies:creeper_plush":1,"minecraft:red_wool":95,"minecraft:warped_hyphae":33,"minecraft:quartz_slab":23,"minecraft:lantern":106,"minecraft:grass_block":338,"minecraft:oak_stairs":1,"minecraft:smooth_sandstone":95,"minecraft:crimson_slab":38,"butchersdelight:piperbush":3,"mcwfurnitures:stripped_birch_modern_chair":28,"decorative_blocks:warped_palisade":5,"decorative_blocks:jungle_palisade":1,"mcwfurnitures:stripped_oak_bookshelf_cupboard":24,"decorative_blocks:crimson_support":14,"magistuarmory:diamond_chainmorgenstern":6,"create_confectionery:caramel_bricks_stairs":25,"minecraft:item_frame":24,"minecraft:bamboo":9,"minecraft:birch_trapdoor":2,"decorative_blocks:warped_beam":2,"minecraft:black_stained_glass":10,"minecraft:glowstone":111,"farmersdelight:cutting_board":19,"mcwfurnitures:stripped_oak_cupboard_counter":9,"a_man_with_plushies:henry_stickmin_plush":1,"create:shaft":3,"create:ornate_iron_window_pane":21,"mcwfurnitures:stripped_warped_double_wardrobe":4,"mcwfurnitures:stripped_oak_large_drawer":5,"mcwfurnitures:oak_striped_chair":6,"a_man_with_plushies:sans_plush":1,"farmersdelight:cooking_pot":4,"mcwfurnitures:stripped_birch_glass_table":18,"mcwfurnitures:stripped_oak_striped_chair":5,"minecraft:seagrass":21,"minecraft:mossy_stone_brick_wall":61,"minecraft:enchanted_golden_apple":4,"create_confectionery:caramel_bricks_wall":5,"decorative_blocks:birch_seat":13,"farmersdelight:full_tatami_mat":2,"create:handheld_worldshaper":48,"mcwfurnitures:stripped_oak_coffee_table":1,"mcwfurnitures:stripped_oak_bookshelf":19,"minecraft:end_rod":12,"minecraft:end_stone_bricks":26,"farmersdelight:skillet":1,"minecraft:prismarine_brick_slab":70,"minecraft:stripped_birch_log":27,"spartanshields:shield_botania_elementium":2,"mcwfurnitures:stripped_oak_double_drawer_counter":3,"minecraft:red_nether_bricks":124,"mcwfurnitures:stripped_birch_bookshelf_cupboard":2,"create:crimson_window":4,"mcwfurnitures:stripped_oak_double_wardrobe":6,"minecraft:cut_sandstone":5,"create_confectionery:black_chocolate_bricks":31,"magistuarmory:barbedclub":17,"mcwlights:birch_tiki_torch":1,"decorative_blocks:warped_support":17,"minecraft:smooth_quartz_stairs":9,"minecraft:white_wool":34,"a_man_with_plushies:audino_plush":1,"minecraft:diamond_block":5,"mcwfurnitures:stripped_oak_modern_chair":1,"minecraft:sand":488,"minecraft:cut_sandstone_slab":359,"farmersdelight:warped_pantry":2,"mcwfurnitures:stripped_birch_cupboard_counter":2,"minecraft:light_blue_wool":60,"mcwfurnitures:stripped_warped_wardrobe":3,"minecraft:campfire":6,"minecraft:white_bed":15,"minecraft:fire_coral":4,"minecraft:cake":2,"decorative_blocks:chandelier":5,"mcwlights:soul_classic_street_lamp":3,"decorative_blocks:birch_palisade":27,"mcwfurnitures:stripped_warped_counter":25,"minecraft:flower_pot":20,"minecraft:black_concrete":100,"minecraft:warped_trapdoor":1,"minecraft:chiseled_sandstone":100,"minecraft:acacia_door":5,"mcwfurnitures:stripped_birch_drawer_counter":2,"minecraft:heavy_weighted_pressure_plate":57,"minecraft:cyan_bed":5,"minecraft:warped_slab":39,"minecraft:lectern":4,"minecraft:spruce_trapdoor":6,"mcwfurnitures:stripped_oak_wardrobe":4,"create_confectionery:caramel_bricks_slab":5,"mcwfurnitures:stripped_birch_double_drawer":6,"minecraft:prismarine_wall":129,"create_confectionery:black_chocolate_bricks_wall":12,"minecraft:lilac":33,"minecraft:polished_andesite_slab":2,"minecraft:stripped_warped_hyphae":7,"minecraft:chiseled_stone_bricks":175,"minecraft:coal_block":8,"mcwlights:classic_street_lamp":13,"mcwfurnitures:stripped_oak_glass_table":6,"minecraft:warped_fence_gate":4,"minecraft:white_stained_glass":36,"minecraft:sandstone_slab":43,"minecraft:chain":17,"minecraft:smooth_stone_slab":23,"decorative_blocks:brazier":3,"minecraft:sea_pickle":19,"minecraft:polished_blackstone_button":8,"a_man_with_plushies:red_pikmin_plush":1,"minecraft:white_concrete":581,"minecraft:tropical_fish_bucket":61,"minecraft:gray_wool":93,"minecraft:bone_meal":16},"minecraft:dropped":{"minecraft:quartz_pillar":1,"create_confectionery:marshmallow_on_a_stick":2,"minecraft:honey_bottle":1,"minecraft:chiseled_stone_bricks":1},"minecraft:mined":{"minecraft:grass":2},"minecraft:killed":{"minecraft:spider":7,"minecraft:skeleton":2,"minecraft:tropical_fish":41,"minecraft:pig":1,"minecraft:wandering_trader":2,"minecraft:creeper":5,"minecraft:sheep":1,"minecraft:trader_llama":3,"minecraft:zombie":6,"minecraft:enderman":2},"minecraft:killed_by":{"minecraft:player":1},"minecraft:picked_up":{"minecraft:birch_door":1,"magistuarmory:barbedclub":1,"minecraft:leather_leggings":1,"minecraft:lead":3,"minecraft:diamond_sword":1,"create:handheld_worldshaper":2,"minecraft:potion":1,"minecraft:heavy_weighted_pressure_plate":2,"magistuarmory:netherite_shortsword":1,"minecraft:cornflower":1,"minecraft:string":5,"minecraft:oak_sign":6,"magistuarmory:knight_leggings":1,"spartanshields:shield_botania_elementium":2,"minecraft:poppy":4,"magistuarmory:knight_boots":1,"minecraft:enchanted_golden_apple":18,"minecraft:sugar_cane":3,"minecraft:torch":2,"sophisticatedbackpacks:backpack":2,"minecraft:porkchop":3,"minecraft:quartz_pillar":1,"magistuarmory:heavy_crossbow":1,"minecraft:rotten_flesh":4,"create_confectionery:full_black_chocolate_bar":1,"minecraft:tropical_fish":41,"minecraft:mutton":1,"minecraft:white_wool":1,"minecraft:air":0,"minecraft:cooked_beef":3,"minecraft:leather":2,"magistuarmory:diamond_zweihander":1,"magistuarmory:armet":1,"create_confectionery:hot_chocolate_bottle":1,"minecraft:gunpowder":2,"farmersdelight:skillet":1,"minecraft:lantern":3,"minecraft:cooked_mutton":4,"minecraft:apple":1,"farmersdelight:iron_knife":1,"create_confectionery:chocolate_candy":1,"farmersdelight:cooking_pot":1,"minecraft:wheat_seeds":252,"magistuarmory:netherite_katzbalger":1,"minecraft:bamboo":28,"minecraft:cooked_porkchop":3,"magistuarmory:knight_chestplate":1,"magistuarmory:netherite_lucernhammer":1,"minecraft:sand":1,"minecraft:spider_eye":2,"magistuarmory:diamond_chainmorgenstern":1,"create_confectionery:marshmallow":1,"create_confectionery:bar_of_black_chocolate":1,"minecraft:polished_blackstone_button":1,"minecraft:writable_book":4,"minecraft:diamond_axe":1,"minecraft:diamond_pickaxe":1}},"DataVersion":2586}