{"stats":{"minecraft:mined":{"minecraft:grass":2},"minecraft:killed_by":{"minecraft:player":1},"minecraft:dropped":{"minecraft:quartz_pillar":1,"minecraft:honey_bottle":1,"minecraft:chiseled_stone_bricks":1},"minecraft:custom":{"minecraft:mob_kills":22,"minecraft:interact_with_campfire":16,"minecraft:damage_dealt_resisted":240,"minecraft:leave_game":16,"minecraft:time_since_death":280868,"minecraft:damage_resisted":174,"minecraft:climb_one_cm":5402,"minecraft:sprint_one_cm":31988,"minecraft:walk_one_cm":692350,"minecraft:damage_blocked_by_shield":460,"minecraft:drop":3,"minecraft:deaths":3,"minecraft:sneak_time":4100,"minecraft:walk_under_water_one_cm":114085,"minecraft:interact_with_lectern":6,"minecraft:jump":940,"minecraft:walk_on_water_one_cm":47131,"minecraft:play_one_minute":508836,"minecraft:pot_flower":4,"minecraft:time_since_rest":280917,"minecraft:damage_absorbed":287,"minecraft:damage_taken":549,"minecraft:damage_dealt":4041,"minecraft:swim_one_cm":4798,"minecraft:fly_one_cm":1605634,"minecraft:open_chest":3,"minecraft:crouch_one_cm":1327,"minecraft:fall_one_cm":1254},"minecraft:used":{"minecraft:oak_trapdoor":9,"mcwfurnitures:oak_chair":1,"minecraft:netherite_sword":91,"minecraft:writable_book":4,"minecraft:iron_bars":6,"minecraft:flint_and_steel":14,"minecraft:armor_stand":1,"minecraft:oak_sign":14,"minecraft:chest":2,"minecraft:white_shulker_box":6,"minecraft:quartz_stairs":10,"minecraft:bubble_coral":6,"minecraft:sandstone_wall":35,"minecraft:tube_coral":5,"minecraft:torch":17,"magistuarmory:netherite_shortsword":52,"mcwfurnitures:stripped_birch_large_drawer":6,"decorative_blocks:birch_beam":18,"decorative_blocks:oak_palisade":3,"mcwfurnitures:stripped_oak_counter":21,"decorative_blocks:oak_support":7,"minecraft:spruce_fence":21,"decorative_blocks:lattice":6,"minecraft:cyan_wool":5,"magistuarmory:netherite_lucernhammer":3,"minecraft:birch_door":6,"minecraft:shroomlight":3,"decorative_blocks:bar_panel":1,"minecraft:glass":44,"minecraft:sea_lantern":51,"minecraft:quartz_pillar":155,"minecraft:quartz_slab":23,"minecraft:oak_stairs":1,"minecraft:lantern":106,"minecraft:grass_block":337,"minecraft:smooth_sandstone":95,"mcwfurnitures:stripped_birch_modern_chair":28,"decorative_blocks:warped_palisade":5,"decorative_blocks:jungle_palisade":1,"mcwfurnitures:stripped_oak_bookshelf_cupboard":24,"magistuarmory:diamond_chainmorgenstern":6,"minecraft:item_frame":9,"minecraft:bamboo":9,"minecraft:birch_trapdoor":2,"decorative_blocks:warped_beam":2,"minecraft:glowstone":27,"mcwfurnitures:stripped_oak_cupboard_counter":9,"create:ornate_iron_window_pane":21,"create:shaft":3,"mcwfurnitures:stripped_oak_large_drawer":5,"mcwfurnitures:oak_striped_chair":6,"mcwfurnitures:stripped_birch_glass_table":18,"mcwfurnitures:stripped_oak_striped_chair":5,"minecraft:seagrass":21,"minecraft:mossy_stone_brick_wall":61,"minecraft:enchanted_golden_apple":4,"decorative_blocks:birch_seat":13,"create:handheld_worldshaper":32,"mcwfurnitures:stripped_oak_coffee_table":1,"mcwfurnitures:stripped_oak_bookshelf":19,"minecraft:end_rod":12,"minecraft:end_stone_bricks":26,"minecraft:prismarine_brick_slab":70,"minecraft:stripped_birch_log":27,"spartanshields:shield_botania_elementium":2,"mcwfurnitures:stripped_oak_double_drawer_counter":3,"mcwfurnitures:stripped_birch_bookshelf_cupboard":2,"mcwfurnitures:stripped_oak_double_wardrobe":6,"minecraft:cut_sandstone":5,"magistuarmory:barbedclub":17,"decorative_blocks:warped_support":5,"minecraft:smooth_quartz_stairs":9,"minecraft:white_wool":34,"mcwfurnitures:stripped_oak_modern_chair":1,"minecraft:sand":485,"minecraft:cut_sandstone_slab":359,"mcwfurnitures:stripped_birch_cupboard_counter":2,"minecraft:light_blue_wool":60,"minecraft:campfire":6,"minecraft:white_bed":15,"minecraft:fire_coral":4,"minecraft:cake":2,"decorative_blocks:chandelier":5,"decorative_blocks:birch_palisade":27,"minecraft:flower_pot":9,"minecraft:chiseled_sandstone":100,"minecraft:acacia_door":5,"mcwfurnitures:stripped_birch_drawer_counter":2,"minecraft:heavy_weighted_pressure_plate":57,"minecraft:cyan_bed":5,"minecraft:lectern":4,"minecraft:spruce_trapdoor":6,"mcwfurnitures:stripped_oak_wardrobe":4,"mcwfurnitures:stripped_birch_double_drawer":6,"minecraft:prismarine_wall":129,"minecraft:polished_andesite_slab":2,"minecraft:chiseled_stone_bricks":174,"mcwfurnitures:stripped_oak_glass_table":6,"minecraft:white_stained_glass":36,"minecraft:warped_fence_gate":4,"minecraft:sandstone_slab":43,"minecraft:chain":17,"minecraft:smooth_stone_slab":23,"minecraft:sea_pickle":19,"decorative_blocks:brazier":3,"minecraft:white_concrete":444,"minecraft:tropical_fish_bucket":25,"minecraft:gray_wool":93,"minecraft:bone_meal":16},"minecraft:killed":{"minecraft:spider":7,"minecraft:skeleton":1,"minecraft:pig":1,"minecraft:creeper":4,"minecraft:sheep":1,"minecraft:zombie":6,"minecraft:enderman":1},"minecraft:picked_up":{"minecraft:birch_door":1,"magistuarmory:barbedclub":1,"minecraft:leather_leggings":1,"minecraft:diamond_sword":1,"create:handheld_worldshaper":2,"minecraft:potion":1,"minecraft:heavy_weighted_pressure_plate":2,"minecraft:cornflower":1,"magistuarmory:netherite_shortsword":1,"minecraft:string":5,"minecraft:oak_sign":6,"spartanshields:shield_botania_elementium":2,"magistuarmory:knight_leggings":1,"minecraft:poppy":4,"magistuarmory:knight_boots":1,"minecraft:enchanted_golden_apple":18,"minecraft:sugar_cane":3,"minecraft:torch":2,"sophisticatedbackpacks:backpack":2,"minecraft:porkchop":3,"minecraft:quartz_pillar":1,"magistuarmory:heavy_crossbow":1,"minecraft:rotten_flesh":4,"minecraft:mutton":1,"minecraft:white_wool":1,"minecraft:cooked_beef":3,"magistuarmory:diamond_zweihander":1,"magistuarmory:armet":1,"minecraft:gunpowder":2,"minecraft:lantern":2,"minecraft:cooked_mutton":4,"minecraft:apple":1,"minecraft:wheat_seeds":252,"magistuarmory:netherite_katzbalger":1,"minecraft:bamboo":28,"minecraft:cooked_porkchop":3,"magistuarmory:knight_chestplate":1,"magistuarmory:netherite_lucernhammer":1,"minecraft:sand":1,"minecraft:spider_eye":2,"magistuarmory:diamond_chainmorgenstern":1,"minecraft:writable_book":4,"minecraft:diamond_axe":1,"minecraft:diamond_pickaxe":1}},"DataVersion":2586}