{"stats":{"minecraft:picked_up":{"minecraft:lead":2,"create:handheld_worldshaper":1,"minecraft:redstone_torch":3,"minecraft:poppy":2,"minecraft:torch":9,"minecraft:porkchop":5,"minecraft:redstone":32,"minecraft:stone_pressure_plate":9,"minecraft:honey_bottle":1,"minecraft:rotten_flesh":5,"minecraft:mutton":1,"minecraft:white_wool":1,"minecraft:rail":2,"minecraft:salmon":3,"minecraft:leather":2,"minecraft:gunpowder":1,"minecraft:lantern":10,"minecraft:bone":2,"minecraft:wheat_seeds":3,"minecraft:painting":3,"minecraft:ender_pearl":1},"minecraft:dropped":{"minecraft:stripped_spruce_log":1,"minecraft:lava_bucket":1,"minecraft:dark_oak_log":1,"create:handheld_worldshaper":2,"minecraft:obsidian":1,"minecraft:oak_planks":1,"minecraft:honey_bottle":1,"minecraft:salmon":3,"minecraft:flint_and_steel":1,"minecraft:spruce_planks":1,"minecraft:mossy_stone_bricks":1,"create:wand_of_symmetry":1,"minecraft:spruce_log":1},"minecraft:used":{"create:chiseled_gabbro":7,"mcwfurnitures:oak_bookshelf":2,"minecraft:peony":5,"minecraft:oak_fence":42,"create:gabbro_bricks":4,"minecraft:netherite_sword":3,"minecraft:iron_bars":3,"mcwfurnitures:oak_stool_chair":1,"minecraft:rose_bush":20,"minecraft:enchanting_table":4,"mcwfurnitures:oak_bookshelf_drawer":2,"decorative_blocks:dark_oak_seat":2,"minecraft:iron_shovel":166,"minecraft:flint_and_steel":1,"mcwfurnitures:stripped_spruce_wardrobe":10,"create:fancy_gabbro_bricks":91,"minecraft:redstone":137,"create:mossy_andesite":14,"minecraft:spruce_slab":39,"create:andesite_bricks":21,"minecraft:ladder":6,"mcwfurnitures:stripped_spruce_table":3,"mcwfurnitures:stripped_spruce_drawer":1,"create:gabbro_bricks_wall":5,"mcwfurnitures:oak_counter":1,"minecraft:spruce_planks":150,"minecraft:chest":8,"mcwfurnitures:stripped_spruce_chair":10,"minecraft:stone":10,"mcwfurnitures:stripped_spruce_lower_bookshelf_drawer":1,"mcwfurnitures:stripped_spruce_covered_desk":2,"minecraft:grass":6,"minecraft:bubble_coral":3,"mcwfurnitures:stripped_jungle_glass_table":10,"create:jungle_window":6,"create:oak_window":10,"minecraft:tube_coral":4,"minecraft:torch":13,"minecraft:dirt":35,"minecraft:birch_pressure_plate":5,"minecraft:lily_of_the_valley":4,"magistuarmory:diamond_stylet":18,"minecraft:white_carpet":16,"minecraft:hopper":8,"mcwfurnitures:oak_drawer_counter":1,"minecraft:spruce_stairs":45,"minecraft:cobblestone_wall":4,"mcwfurnitures:stripped_spruce_glass_table":45,"create:fancy_andesite_bricks_stairs":18,"create:limestone_bricks_stairs":64,"decorative_blocks:lattice":61,"create:paved_gabbro":66,"minecraft:stripped_spruce_log":2,"minecraft:obsidian":18,"minecraft:polished_diorite":15,"create:spruce_window":104,"minecraft:glass":205,"minecraft:stone_brick_slab":17,"mcwfurnitures:stripped_spruce_modern_chair":10,"minecraft:sea_lantern":603,"create:warped_window":10,"minecraft:bookshelf":901,"minecraft:quartz_pillar":60,"mcwfurnitures:oak_modern_chair":5,"minecraft:spruce_wood":166,"minecraft:lantern":65,"minecraft:grass_block":401,"create:fancy_andesite_bricks_wall":21,"mcwfurnitures:stripped_spruce_double_drawer":1,"create:warped_window_pane":2,"mcwfurnitures:stripped_spruce_bookshelf_cupboard":3,"minecraft:stone_brick_stairs":19,"minecraft:stone_bricks":57,"minecraft:item_frame":1,"minecraft:repeater":1,"minecraft:redstone_lamp":30,"minecraft:horn_coral":4,"create:ornate_iron_window_pane":14,"create:overgrown_andesite":17,"minecraft:furnace":8,"mcwfurnitures:oak_striped_chair":13,"mcwfurnitures:stripped_spruce_bookshelf":6,"minecraft:acacia_wood":2,"minecraft:stone_pressure_plate":19,"minecraft:fire_coral_fan":2,"minecraft:seagrass":16,"create:limestone_bricks_wall":39,"minecraft:horn_coral_fan":6,"minecraft:stripped_spruce_wood":99,"minecraft:crimson_stem":5,"create:wand_of_symmetry":16,"create:handheld_worldshaper":15,"create:limestone_bricks":513,"minecraft:water_bucket":649,"minecraft:mossy_stone_bricks":1,"minecraft:tube_coral_fan":3,"mcwfurnitures:stripped_spruce_drawer_counter":1,"minecraft:cobblestone_stairs":11,"minecraft:snow_block":52,"minecraft:stripped_birch_log":3,"create:paved_dolomite":1,"minecraft:dark_oak_sign":25,"minecraft:polished_andesite":3,"minecraft:oak_planks":26,"minecraft:cartography_table":2,"minecraft:bubble_coral_fan":5,"mcwfurnitures:stripped_spruce_stool_chair":5,"minecraft:sandstone":3,"minecraft:redstone_block":29,"create:diorite_bricks_wall":4,"mcwfurnitures:stripped_spruce_bookshelf_drawer":4,"minecraft:fletching_table":3,"minecraft:blue_bed":3,"minecraft:stonecutter":6,"minecraft:cobblestone_slab":7,"minecraft:oak_leaves":5,"mcwfurnitures:stripped_spruce_desk":2,"minecraft:brain_coral":3,"minecraft:mossy_cobblestone":3,"minecraft:sand":159,"minecraft:light_blue_concrete":414,"minecraft:crafting_table":2,"minecraft:loom":2,"mcwfurnitures:stripped_spruce_triple_drawer":1,"minecraft:blast_furnace":1,"create:ornate_iron_window":68,"mcwfurnitures:oak_glass_table":2,"mcwfurnitures:oak_coffee_table":2,"minecraft:stone_brick_wall":7,"minecraft:cake":3,"minecraft:smoker":2,"decorative_blocks:chandelier":9,"minecraft:spruce_log":106,"create:fancy_andesite_bricks_slab":21,"mcwfurnitures:stripped_spruce_modern_wardrobe":16,"minecraft:redstone_torch":25,"minecraft:oak_log":41,"minecraft:sticky_piston":41,"mcwfurnitures:stripped_spruce_double_wardrobe":4,"minecraft:lever":2,"minecraft:flower_pot":5,"create:paved_andesite_stairs":15,"minecraft:stripped_jungle_log":7,"minecraft:dark_oak_log":36,"decorative_blocks:chain":4,"minecraft:heavy_weighted_pressure_plate":97,"minecraft:brown_stained_glass":114,"mcwfurnitures:stripped_jungle_modern_desk":11,"mcwfurnitures:stripped_spruce_end_table":4,"create:paved_andesite":12,"minecraft:spruce_trapdoor":38,"mcwfurnitures:stripped_spruce_striped_chair":7,"create:fancy_diorite_bricks":3,"mcwfurnitures:oak_lower_triple_drawer":1,"mcwfurnitures:stripped_spruce_modern_desk":9,"minecraft:blue_carpet":21,"minecraft:diamond_sword":30,"decorative_blocks:dark_oak_support":6,"mcwfurnitures:stripped_spruce_cupboard_counter":1,"minecraft:cobblestone":5,"minecraft:potion":20,"create:fancy_andesite_bricks":1025,"create:fancy_weathered_limestone_bricks":1,"minecraft:stripped_oak_wood":272,"minecraft:grindstone":5,"minecraft:smithing_table":3,"minecraft:white_stained_glass":319,"minecraft:birch_log":1,"minecraft:chain":34,"minecraft:mossy_cobblestone_wall":4,"decorative_blocks:brazier":5,"minecraft:sea_pickle":12,"minecraft:stripped_oak_log":55,"minecraft:tropical_fish_bucket":24,"minecraft:kelp":64,"mcwfurnitures:stripped_spruce_coffee_table":5,"create:diorite_bricks_stairs":5,"minecraft:experience_bottle":153},"minecraft:mined":{"minecraft:wall_torch":2},"minecraft:killed":{"minecraft:skeleton":1,"minecraft:pig":1,"minecraft:wandering_trader":1,"minecraft:creeper":3,"minecraft:sheep":1,"minecraft:trader_llama":1,"minecraft:zombie":4,"minecraft:enderman":2},"minecraft:custom":{"minecraft:mob_kills":14,"minecraft:interact_with_crafting_table":1,"minecraft:damage_dealt_resisted":66,"minecraft:leave_game":10,"minecraft:time_since_death":332774,"minecraft:climb_one_cm":2623,"minecraft:sprint_one_cm":33411,"minecraft:walk_one_cm":1698623,"minecraft:drop":16,"minecraft:damage_dealt_absorbed":40,"minecraft:deaths":19,"minecraft:sneak_time":11660,"minecraft:walk_under_water_one_cm":84973,"minecraft:jump":5672,"minecraft:interact_with_blast_furnace":2,"minecraft:walk_on_water_one_cm":22173,"minecraft:enchant_item":1,"minecraft:interact_with_furnace":2,"minecraft:play_one_minute":569544,"minecraft:pot_flower":4,"minecraft:time_since_rest":332864,"minecraft:damage_taken":2500,"minecraft:damage_dealt":2814,"minecraft:swim_one_cm":277,"minecraft:fly_one_cm":2537678,"minecraft:open_chest":2,"minecraft:crouch_one_cm":9795,"minecraft:interact_with_smoker":1,"minecraft:fall_one_cm":4574}},"DataVersion":2586}