{"stats":{"minecraft:killed":{"minecraft:skeleton":1,"minecraft:pig":1,"minecraft:wandering_trader":1,"minecraft:creeper":3,"minecraft:sheep":1,"minecraft:trader_llama":1,"minecraft:zombie":4,"minecraft:enderman":2},"minecraft:custom":{"minecraft:mob_kills":14,"minecraft:interact_with_crafting_table":1,"minecraft:damage_dealt_resisted":66,"minecraft:leave_game":8,"minecraft:time_since_death":308840,"minecraft:climb_one_cm":2623,"minecraft:sprint_one_cm":31428,"minecraft:walk_one_cm":1569490,"minecraft:drop":16,"minecraft:damage_dealt_absorbed":40,"minecraft:deaths":19,"minecraft:sneak_time":11244,"minecraft:walk_under_water_one_cm":84353,"minecraft:jump":5599,"minecraft:interact_with_blast_furnace":2,"minecraft:walk_on_water_one_cm":22054,"minecraft:enchant_item":1,"minecraft:interact_with_furnace":2,"minecraft:play_one_minute":545610,"minecraft:time_since_rest":308930,"minecraft:damage_taken":2500,"minecraft:damage_dealt":2814,"minecraft:swim_one_cm":277,"minecraft:fly_one_cm":2525989,"minecraft:open_chest":2,"minecraft:crouch_one_cm":8831,"minecraft:interact_with_smoker":1,"minecraft:fall_one_cm":4574},"minecraft:dropped":{"minecraft:stripped_spruce_log":1,"minecraft:lava_bucket":1,"minecraft:dark_oak_log":1,"create:handheld_worldshaper":2,"minecraft:obsidian":1,"minecraft:oak_planks":1,"minecraft:honey_bottle":1,"minecraft:salmon":3,"minecraft:flint_and_steel":1,"minecraft:spruce_planks":1,"minecraft:mossy_stone_bricks":1,"create:wand_of_symmetry":1,"minecraft:spruce_log":1},"minecraft:used":{"create:chiseled_gabbro":7,"mcwfurnitures:oak_bookshelf":2,"minecraft:peony":5,"minecraft:oak_fence":42,"create:gabbro_bricks":4,"minecraft:netherite_sword":3,"minecraft:iron_bars":3,"minecraft:rose_bush":20,"minecraft:enchanting_table":4,"decorative_blocks:dark_oak_seat":2,"mcwfurnitures:oak_bookshelf_drawer":2,"minecraft:iron_shovel":166,"minecraft:flint_and_steel":1,"minecraft:redstone":137,"create:mossy_andesite":14,"minecraft:spruce_slab":23,"create:fancy_gabbro_bricks":90,"create:andesite_bricks":21,"minecraft:ladder":6,"create:gabbro_bricks_wall":5,"minecraft:chest":8,"minecraft:spruce_planks":150,"minecraft:stone":10,"minecraft:grass":6,"minecraft:bubble_coral":3,"create:jungle_window":6,"create:oak_window":10,"minecraft:tube_coral":4,"minecraft:torch":13,"minecraft:dirt":35,"minecraft:birch_pressure_plate":5,"minecraft:lily_of_the_valley":4,"magistuarmory:diamond_stylet":18,"minecraft:hopper":8,"minecraft:spruce_stairs":20,"minecraft:cobblestone_wall":4,"create:fancy_andesite_bricks_stairs":18,"create:limestone_bricks_stairs":64,"create:paved_gabbro":66,"decorative_blocks:lattice":7,"minecraft:stripped_spruce_log":2,"minecraft:polished_diorite":15,"minecraft:obsidian":18,"create:spruce_window":104,"minecraft:glass":205,"minecraft:stone_brick_slab":15,"minecraft:sea_lantern":603,"create:warped_window":10,"minecraft:bookshelf":899,"minecraft:quartz_pillar":60,"mcwfurnitures:oak_modern_chair":5,"minecraft:spruce_wood":166,"minecraft:lantern":65,"minecraft:grass_block":401,"create:fancy_andesite_bricks_wall":21,"create:warped_window_pane":2,"minecraft:stone_brick_stairs":19,"minecraft:stone_bricks":57,"minecraft:repeater":1,"minecraft:redstone_lamp":30,"minecraft:horn_coral":4,"create:ornate_iron_window_pane":14,"create:overgrown_andesite":17,"minecraft:furnace":8,"mcwfurnitures:oak_striped_chair":13,"minecraft:acacia_wood":2,"minecraft:stone_pressure_plate":19,"minecraft:fire_coral_fan":2,"minecraft:seagrass":16,"minecraft:horn_coral_fan":6,"create:limestone_bricks_wall":39,"minecraft:stripped_spruce_wood":99,"minecraft:crimson_stem":5,"create:wand_of_symmetry":16,"create:handheld_worldshaper":15,"create:limestone_bricks":507,"minecraft:mossy_stone_bricks":1,"minecraft:water_bucket":649,"minecraft:tube_coral_fan":3,"minecraft:cobblestone_stairs":11,"minecraft:snow_block":52,"minecraft:stripped_birch_log":3,"create:paved_dolomite":1,"minecraft:dark_oak_sign":25,"minecraft:polished_andesite":3,"minecraft:bubble_coral_fan":5,"minecraft:oak_planks":26,"minecraft:cartography_table":2,"minecraft:sandstone":3,"minecraft:redstone_block":29,"create:diorite_bricks_wall":4,"minecraft:fletching_table":3,"minecraft:blue_bed":1,"minecraft:stonecutter":6,"minecraft:cobblestone_slab":7,"minecraft:oak_leaves":5,"minecraft:brain_coral":3,"minecraft:mossy_cobblestone":3,"minecraft:sand":159,"minecraft:light_blue_concrete":414,"minecraft:crafting_table":2,"minecraft:loom":2,"create:ornate_iron_window":68,"minecraft:blast_furnace":1,"mcwfurnitures:oak_glass_table":2,"mcwfurnitures:oak_coffee_table":2,"minecraft:stone_brick_wall":7,"minecraft:spruce_log":106,"decorative_blocks:chandelier":3,"minecraft:smoker":2,"create:fancy_andesite_bricks_slab":21,"minecraft:redstone_torch":25,"minecraft:oak_log":41,"minecraft:sticky_piston":41,"minecraft:lever":2,"create:paved_andesite_stairs":15,"minecraft:stripped_jungle_log":7,"minecraft:dark_oak_log":36,"minecraft:heavy_weighted_pressure_plate":97,"decorative_blocks:chain":4,"minecraft:brown_stained_glass":114,"create:paved_andesite":12,"minecraft:spruce_trapdoor":16,"create:fancy_diorite_bricks":3,"mcwfurnitures:oak_lower_triple_drawer":1,"minecraft:diamond_sword":30,"minecraft:cobblestone":5,"minecraft:potion":20,"create:fancy_andesite_bricks":1025,"create:fancy_weathered_limestone_bricks":1,"minecraft:grindstone":5,"minecraft:stripped_oak_wood":272,"minecraft:smithing_table":3,"minecraft:white_stained_glass":319,"minecraft:birch_log":1,"minecraft:chain":34,"minecraft:mossy_cobblestone_wall":4,"minecraft:sea_pickle":12,"decorative_blocks:brazier":5,"minecraft:stripped_oak_log":55,"minecraft:tropical_fish_bucket":24,"minecraft:kelp":64,"create:diorite_bricks_stairs":5,"minecraft:experience_bottle":153},"minecraft:picked_up":{"minecraft:lead":2,"create:handheld_worldshaper":1,"minecraft:redstone_torch":3,"minecraft:poppy":2,"minecraft:torch":9,"minecraft:porkchop":5,"minecraft:redstone":32,"minecraft:stone_pressure_plate":9,"minecraft:rotten_flesh":5,"minecraft:honey_bottle":1,"minecraft:mutton":1,"minecraft:white_wool":1,"minecraft:rail":1,"minecraft:salmon":3,"minecraft:leather":2,"minecraft:gunpowder":1,"minecraft:lantern":10,"minecraft:bone":2,"minecraft:wheat_seeds":3,"minecraft:painting":3,"minecraft:ender_pearl":1},"minecraft:mined":{"minecraft:wall_torch":2}},"DataVersion":2586}