{"stats":{"minecraft:killed":{"minecraft:skeleton":1,"minecraft:pig":1,"minecraft:wandering_trader":1,"minecraft:creeper":3,"minecraft:sheep":1,"minecraft:trader_llama":1,"minecraft:zombie":4,"minecraft:enderman":2},"minecraft:used":{"minecraft:oak_fence":44,"farmersdelight:onion_crate":2,"create:chiseled_gabbro":7,"mcwfurnitures:oak_bookshelf":4,"minecraft:peony":5,"mcwfurnitures:oak_chair":4,"create:gabbro_bricks":4,"minecraft:light_blue_banner":1,"minecraft:netherite_sword":3,"minecraft:iron_bars":3,"minecraft:rose_bush":20,"mcwfurnitures:oak_stool_chair":1,"minecraft:writable_book":2,"minecraft:enchanting_table":4,"decorative_blocks:dark_oak_seat":2,"mcwfurnitures:oak_bookshelf_drawer":4,"minecraft:iron_shovel":166,"minecraft:flint_and_steel":5,"mcwfurnitures:stripped_spruce_wardrobe":10,"create:andesite_bricks":259,"minecraft:armor_stand":5,"create:fancy_gabbro_bricks":91,"create:mossy_andesite":14,"minecraft:redstone":222,"minecraft:spruce_slab":39,"mcwlights:spruce_ceiling_fan_light":1,"minecraft:ladder":10,"mcwfurnitures:stripped_spruce_drawer":1,"mcwfurnitures:stripped_spruce_table":3,"mcwfurnitures:oak_counter":1,"create:gabbro_bricks_wall":5,"minecraft:spruce_planks":159,"minecraft:chest":194,"farmersdelight:stove":3,"mcwfurnitures:stripped_spruce_chair":10,"minecraft:stone":10,"butchersdelight:hook":10,"mcwfurnitures:stripped_spruce_lower_bookshelf_drawer":1,"mcwfurnitures:stripped_spruce_covered_desk":2,"mcwfurnitures:stripped_jungle_glass_table":10,"mcwlights:iron_chandelier":1,"minecraft:grass":6,"minecraft:bubble_coral":3,"create:jungle_window":6,"farmersdelight:rice_bag":1,"a_man_with_plushies:lariat_plushie":2,"create:oak_window":10,"minecraft:tube_coral":4,"minecraft:spruce_leaves":8,"a_man_with_plushies:goose_plush":3,"minecraft:torch":13,"a_man_with_plushies:female_indeedee_plush":2,"minecraft:soul_sand":3,"decorative_blocks:spruce_support":11,"minecraft:dirt":63,"minecraft:birch_pressure_plate":5,"minecraft:lily_of_the_valley":4,"decorative_blocks:soul_brazier":2,"farmersdelight:rich_soil_farmland":1,"magistuarmory:diamond_stylet":18,"minecraft:white_carpet":64,"minecraft:prismarine_brick_stairs":25,"mcwfurnitures:oak_drawer_counter":1,"minecraft:hopper":10,"minecraft:yellow_carpet":7,"mcwfurnitures:oak_bookshelf_cupboard":2,"create:fancy_andesite_bricks_stairs":18,"minecraft:spruce_stairs":45,"farmersdelight:carrot_crate":1,"minecraft:cobblestone_wall":4,"mcwfurnitures:stripped_spruce_glass_table":45,"mcwlights:iron_low_candle_holder":1,"mcwlights:wall_lamp":5,"mcwlights:covered_wall_lantern":1,"a_man_with_plushies:blissey_plush":2,"create:limestone_bricks_stairs":64,"mcwlights:birch_ceiling_fan_light":1,"a_man_with_plushies:allay_plush":1,"decorative_blocks:lattice":68,"create:paved_gabbro":66,"minecraft:spruce_fence":30,"create:framed_glass_pane":1,"minecraft:stripped_spruce_log":2,"minecraft:obsidian":52,"minecraft:polished_diorite":15,"create:spruce_window":105,"farmersdelight:rope":38,"decorative_blocks:bar_panel":17,"butchersdelight:deadchickenblock":11,"minecraft:glass":244,"a_man_with_plushies:spamton_plush":1,"minecraft:stone_brick_slab":17,"mcwfurnitures:stripped_spruce_modern_chair":10,"minecraft:sea_lantern":630,"create:warped_window":10,"a_man_with_plushies:creeper_plush":6,"minecraft:bookshelf":902,"minecraft:quartz_pillar":60,"mcwfurnitures:oak_modern_chair":5,"minecraft:grass_block":489,"minecraft:spruce_wood":166,"minecraft:lantern":65,"farmersdelight:gray_canvas_sign":1,"create:fancy_andesite_bricks_wall":25,"a_man_with_plushies:enderman_plush":9,"farmersdelight:rice_bale":1,"farmersdelight:beetroot_crate":1,"mcwfurnitures:stripped_spruce_double_drawer":1,"farmersdelight:cabbage_crate":1,"mcwlights:soul_warped_tiki_torch":1,"create:warped_window_pane":2,"minecraft:prismarine_slab":6,"minecraft:stone_brick_stairs":19,"mcwfurnitures:stripped_spruce_bookshelf_cupboard":3,"minecraft:stone_bricks":57,"farmersdelight:canvas_rug":1,"mcwlights:sea_lantern_slab":49,"minecraft:item_frame":1,"minecraft:bamboo":281,"minecraft:repeater":1,"mcwlights:cross_lantern":2,"farmersdelight:basket":3,"minecraft:redstone_lamp":30,"minecraft:red_carpet":6,"farmersdelight:purple_canvas_sign":15,"a_man_with_plushies:ghast_plush":1,"minecraft:horn_coral":4,"a_man_with_plushies:plush_box":3,"create:ornate_iron_window_pane":14,"create:overgrown_andesite":20,"minecraft:soul_soil":6,"minecraft:furnace":8,"mcwfurnitures:oak_striped_chair":13,"a_man_with_plushies:sans_plush":1,"farmersdelight:safety_net":38,"farmersdelight:cooking_pot":3,"mcwfurnitures:stripped_spruce_bookshelf":6,"mcwlights:iron_triple_candle_holder":1,"minecraft:acacia_wood":2,"farmersdelight:dark_oak_pantry":4,"minecraft:stone_pressure_plate":34,"farmersdelight:spruce_pantry":4,"minecraft:fire_coral_fan":2,"a_man_with_plushies:cc_green_knight_plush":1,"create:limestone_bricks_wall":39,"minecraft:seagrass":16,"minecraft:stripped_spruce_wood":120,"minecraft:horn_coral_fan":6,"farmersdelight:potato_crate":1,"minecraft:crimson_stem":5,"create:wand_of_symmetry":16,"minecraft:light_blue_carpet":4,"create:handheld_worldshaper":17,"minecraft:water_bucket":686,"create:limestone_bricks":544,"minecraft:mossy_stone_bricks":1,"minecraft:tube_coral_fan":3,"minecraft:end_rod":1,"mcwfurnitures:stripped_spruce_drawer_counter":1,"minecraft:cobblestone_stairs":15,"mcwfurnitures:warped_glass_table":4,"minecraft:prismarine_brick_slab":16,"farmersdelight:skillet":2,"minecraft:snow_block":52,"minecraft:prismarine_stairs":9,"mcwlights:white_lamp":1,"farmersdelight:tomato_crate":2,"mcwlights:blue_lamp":3,"minecraft:stripped_birch_log":3,"create:paved_dolomite":1,"minecraft:polished_andesite":3,"minecraft:dark_oak_sign":25,"minecraft:prismarine":4,"minecraft:cartography_table":2,"minecraft:oak_planks":26,"minecraft:bubble_coral_fan":5,"mcwfurnitures:stripped_spruce_stool_chair":5,"minecraft:sandstone":3,"minecraft:redstone_block":29,"mcwfurnitures:stripped_spruce_bookshelf_drawer":4,"create:diorite_bricks_wall":4,"minecraft:stonecutter":6,"a_man_with_plushies:crewmate_plush":4,"minecraft:fletching_table":3,"minecraft:blue_bed":3,"minecraft:sheep_spawn_egg":1,"minecraft:cobblestone_slab":12,"mcwfurnitures:stripped_spruce_desk":2,"minecraft:oak_leaves":5,"a_man_with_plushies:golden_plush_box":2,"minecraft:brain_coral":3,"a_man_with_plushies:audino_plush":1,"mcwfurnitures:warped_bookshelf":1,"minecraft:mossy_cobblestone":3,"minecraft:sand":159,"minecraft:vine":382,"minecraft:light_blue_concrete":414,"minecraft:crafting_table":2,"minecraft:loom":2,"mcwfurnitures:stripped_spruce_triple_drawer":1,"minecraft:blast_furnace":1,"create:ornate_iron_window":68,"mcwlights:square_wall_lamp":1,"mcwfurnitures:oak_glass_table":11,"minecraft:campfire":2,"a_man_with_plushies:sudowoodo_plush":1,"mcwfurnitures:oak_coffee_table":4,"minecraft:stone_brick_wall":7,"minecraft:spruce_log":106,"decorative_blocks:chandelier":9,"minecraft:cake":3,"minecraft:smoker":2,"mcwfurnitures:warped_chair":4,"create:polished_limestone_wall":1,"mcwlights:soul_classic_street_lamp":1,"create:fancy_andesite_bricks_slab":21,"mcwfurnitures:stripped_spruce_modern_wardrobe":16,"minecraft:redstone_torch":33,"minecraft:oak_log":41,"minecraft:sticky_piston":49,"minecraft:dark_prismarine":222,"mcwfurnitures:stripped_spruce_double_wardrobe":4,"minecraft:lever":2,"minecraft:flower_pot":5,"create:paved_andesite_stairs":15,"minecraft:stripped_jungle_log":7,"minecraft:dark_oak_log":36,"decorative_blocks:chain":4,"minecraft:lime_carpet":8,"minecraft:heavy_weighted_pressure_plate":97,"minecraft:brown_stained_glass":114,"minecraft:string":24,"minecraft:map":2,"mcwfurnitures:stripped_jungle_modern_desk":11,"mcwfurnitures:oak_lower_bookshelf_drawer":2,"minecraft:lectern":2,"mcwfurnitures:stripped_spruce_end_table":4,"mcwlights:soul_double_street_lamp":1,"create:paved_andesite":12,"butchersdelight:roaster":2,"minecraft:spruce_trapdoor":38,"a_man_with_plushies:companion_block_plushie":2,"mcwfurnitures:warped_bookshelf_cupboard":1,"minecraft:iron_door":2,"mcwfurnitures:stripped_spruce_striped_chair":7,"create:fancy_diorite_bricks":3,"minecraft:prismarine_wall":91,"a_man_with_plushies:glados_plush":2,"mcwfurnitures:oak_lower_triple_drawer":1,"mcwfurnitures:stripped_spruce_modern_desk":9,"minecraft:blue_carpet":103,"minecraft:diamond_sword":30,"minecraft:cobblestone":5,"farmersdelight:straw_bale":1,"decorative_blocks:dark_oak_support":6,"mcwfurnitures:stripped_spruce_cupboard_counter":1,"minecraft:potion":20,"create:fancy_andesite_bricks":1071,"a_man_with_plushies:candy_plush":2,"create:fancy_weathered_limestone_bricks":1,"minecraft:stripped_oak_wood":281,"minecraft:grindstone":5,"minecraft:smithing_table":3,"minecraft:white_stained_glass":319,"minecraft:birch_log":1,"minecraft:chain":34,"minecraft:ice":91,"minecraft:mossy_cobblestone_wall":4,"decorative_blocks:brazier":5,"minecraft:sea_pickle":12,"a_man_with_plushies:red_pikmin_plush":1,"a_man_with_plushies:the_knight_plush":1,"minecraft:stripped_oak_log":55,"minecraft:tropical_fish_bucket":24,"minecraft:kelp":64,"mcwfurnitures:stripped_spruce_coffee_table":5,"butchersdelight:rack":28,"create:diorite_bricks_stairs":5,"minecraft:bone_meal":587,"mcwlights:wall_lantern":8,"minecraft:experience_bottle":153},"minecraft:custom":{"minecraft:mob_kills":14,"minecraft:interact_with_crafting_table":1,"minecraft:damage_dealt_resisted":66,"minecraft:leave_game":15,"minecraft:time_since_death":151596,"minecraft:climb_one_cm":7796,"minecraft:sprint_one_cm":39307,"minecraft:walk_one_cm":2214318,"minecraft:drop":17,"minecraft:damage_dealt_absorbed":40,"minecraft:deaths":20,"minecraft:sneak_time":15597,"minecraft:walk_under_water_one_cm":97155,"minecraft:jump":6085,"minecraft:interact_with_blast_furnace":2,"minecraft:walk_on_water_one_cm":33742,"minecraft:enchant_item":1,"minecraft:interact_with_furnace":2,"minecraft:play_one_minute":724902,"minecraft:pot_flower":4,"minecraft:time_since_rest":151635,"minecraft:damage_taken":2500,"minecraft:damage_dealt":2814,"minecraft:swim_one_cm":277,"minecraft:fly_one_cm":2687321,"minecraft:open_chest":10,"minecraft:crouch_one_cm":15470,"minecraft:interact_with_smoker":1,"minecraft:fall_one_cm":4574},"minecraft:picked_up":{"minecraft:chicken":7,"minecraft:lead":2,"create:handheld_worldshaper":1,"butchersdelight:legcow":4,"minecraft:string":1,"minecraft:white_carpet":12,"minecraft:beef":2,"minecraft:redstone_torch":3,"butchersdelight:beefribs":2,"minecraft:poppy":2,"a_man_with_plushies:pig_plush":1,"minecraft:torch":9,"minecraft:porkchop":6,"minecraft:redstone":43,"minecraft:blue_carpet":7,"minecraft:stone_pressure_plate":16,"minecraft:rotten_flesh":5,"minecraft:honey_bottle":1,"minecraft:mutton":2,"minecraft:rail":2,"minecraft:white_wool":1,"minecraft:feather":9,"minecraft:salmon":3,"minecraft:leather":2,"minecraft:gunpowder":1,"minecraft:lantern":10,"minecraft:bone":2,"farmersdelight:iron_knife":1,"minecraft:wheat_seeds":3,"minecraft:bamboo":6,"butchersdelight:skullcow":2,"butchersdelight:beeftenderloin":2,"butchersdelight:cow_hide":3,"butchersdelight:sheephide":1,"minecraft:painting":3,"a_man_with_plushies:enderman_plush":1,"minecraft:ender_pearl":1},"minecraft:mined":{"minecraft:wall_torch":2},"minecraft:dropped":{"farmersdelight:iron_knife":1,"minecraft:stripped_spruce_log":1,"minecraft:lava_bucket":1,"minecraft:dark_oak_log":1,"create:handheld_worldshaper":2,"minecraft:obsidian":1,"minecraft:oak_planks":1,"minecraft:honey_bottle":1,"minecraft:salmon":3,"minecraft:flint_and_steel":1,"minecraft:spruce_planks":1,"minecraft:mossy_stone_bricks":1,"create:wand_of_symmetry":1,"minecraft:spruce_log":1}},"DataVersion":2586}