{"stats":{"minecraft:custom":{"minecraft:mob_kills":11,"minecraft:play_one_minute":339915,"minecraft:leave_game":6,"minecraft:time_since_death":103145,"minecraft:climb_one_cm":1575,"minecraft:time_since_rest":103235,"minecraft:sprint_one_cm":15666,"minecraft:damage_taken":2500,"minecraft:walk_one_cm":888985,"minecraft:drop":15,"minecraft:damage_dealt":2026,"minecraft:swim_one_cm":277,"minecraft:fly_one_cm":2261281,"minecraft:crouch_one_cm":5249,"minecraft:deaths":19,"minecraft:sneak_time":8143,"minecraft:walk_under_water_one_cm":62100,"minecraft:jump":740,"minecraft:walk_on_water_one_cm":9238,"minecraft:fall_one_cm":4574},"minecraft:mined":{"minecraft:wall_torch":2},"minecraft:dropped":{"minecraft:stripped_spruce_log":1,"minecraft:obsidian":1,"minecraft:oak_planks":1,"minecraft:salmon":3,"minecraft:flint_and_steel":1,"minecraft:lava_bucket":1,"minecraft:dark_oak_log":1,"create:handheld_worldshaper":2,"minecraft:spruce_planks":1,"minecraft:mossy_stone_bricks":1,"create:wand_of_symmetry":1,"minecraft:spruce_log":1},"minecraft:killed":{"minecraft:pig":1,"minecraft:wandering_trader":1,"minecraft:creeper":1,"minecraft:sheep":1,"minecraft:skeleton":1,"minecraft:trader_llama":1,"minecraft:zombie":4,"minecraft:enderman":1},"minecraft:picked_up":{"minecraft:salmon":3,"minecraft:leather":2,"minecraft:lead":2,"create:handheld_worldshaper":1,"minecraft:lantern":2,"minecraft:bone":2,"minecraft:wheat_seeds":3,"minecraft:redstone_torch":3,"minecraft:poppy":2,"minecraft:torch":6,"minecraft:porkchop":5,"minecraft:redstone":32,"minecraft:stone_pressure_plate":9,"minecraft:rotten_flesh":5,"minecraft:mutton":1,"minecraft:rail":1,"minecraft:white_wool":1},"minecraft:used":{"create:chiseled_gabbro":7,"minecraft:crimson_stem":5,"create:wand_of_symmetry":2,"mcwfurnitures:oak_bookshelf":2,"create:handheld_worldshaper":11,"create:limestone_bricks":297,"minecraft:netherite_sword":3,"minecraft:mossy_stone_bricks":1,"minecraft:water_bucket":191,"create:fancy_gabbro_bricks":85,"minecraft:tube_coral_fan":3,"minecraft:snow_block":52,"mcwfurnitures:oak_bookshelf_drawer":2,"decorative_blocks:dark_oak_seat":2,"minecraft:spruce_slab":23,"minecraft:cobblestone_stairs":11,"minecraft:iron_shovel":166,"minecraft:flint_and_steel":1,"create:andesite_bricks":21,"minecraft:redstone":137,"create:mossy_andesite":14,"minecraft:stripped_birch_log":3,"create:paved_dolomite":1,"minecraft:polished_andesite":3,"minecraft:dark_oak_sign":25,"minecraft:oak_planks":26,"minecraft:bubble_coral_fan":5,"minecraft:spruce_planks":110,"minecraft:sandstone":3,"minecraft:stone":10,"minecraft:blue_bed":1,"minecraft:bubble_coral":3,"minecraft:cobblestone_slab":7,"create:jungle_window":6,"minecraft:tube_coral":4,"minecraft:oak_leaves":5,"minecraft:brain_coral":3,"minecraft:torch":13,"minecraft:mossy_cobblestone":3,"minecraft:birch_pressure_plate":5,"minecraft:dirt":35,"minecraft:sand":159,"minecraft:light_blue_concrete":389,"minecraft:spruce_stairs":20,"create:ornate_iron_window":10,"minecraft:cobblestone_wall":4,"mcwfurnitures:oak_glass_table":2,"create:limestone_bricks_stairs":64,"mcwfurnitures:oak_coffee_table":2,"create:paved_gabbro":34,"decorative_blocks:lattice":7,"decorative_blocks:chandelier":3,"minecraft:spruce_log":102,"minecraft:stripped_spruce_log":2,"minecraft:polished_diorite":15,"minecraft:obsidian":18,"create:fancy_andesite_bricks_slab":18,"minecraft:oak_log":40,"minecraft:redstone_torch":12,"minecraft:sticky_piston":41,"minecraft:glass":205,"minecraft:lever":2,"create:paved_andesite_stairs":15,"minecraft:sea_lantern":15,"create:warped_window":10,"minecraft:quartz_pillar":60,"minecraft:dark_oak_log":36,"mcwfurnitures:oak_modern_chair":4,"minecraft:spruce_wood":131,"decorative_blocks:chain":4,"minecraft:lantern":10,"minecraft:grass_block":374,"create:fancy_andesite_bricks_wall":8,"create:paved_andesite":12,"create:fancy_diorite_bricks":3,"create:warped_window_pane":2,"minecraft:stone_bricks":57,"mcwfurnitures:oak_lower_triple_drawer":1,"minecraft:diamond_sword":30,"minecraft:repeater":1,"minecraft:cobblestone":5,"minecraft:potion":18,"minecraft:horn_coral":4,"create:fancy_andesite_bricks":1008,"create:overgrown_andesite":17,"minecraft:stripped_oak_wood":213,"mcwfurnitures:oak_striped_chair":13,"minecraft:birch_log":1,"minecraft:acacia_wood":2,"minecraft:mossy_cobblestone_wall":4,"minecraft:sea_pickle":12,"decorative_blocks:brazier":5,"minecraft:stone_pressure_plate":19,"minecraft:stripped_oak_log":46,"minecraft:tropical_fish_bucket":24,"minecraft:fire_coral_fan":2,"minecraft:kelp":64,"create:diorite_bricks_stairs":5,"minecraft:seagrass":16,"minecraft:stripped_spruce_wood":99,"minecraft:horn_coral_fan":6}},"DataVersion":2586}