{"stats":{"minecraft:killed":{"minecraft:cave_spider":1,"minecraft:witch":1,"minecraft:zombified_piglin":5,"minecraft:spider":9,"minecraft:wither":1,"minecraft:phantom":1,"minecraft:skeleton":7,"minecraft:chicken":5,"minecraft:magma_cube":19,"minecraft:piglin":17,"minecraft:pig":9,"minecraft:hoglin":3,"minecraft:sheep":2,"minecraft:pillager":2,"minecraft:zombie":14,"minecraft:wither_skeleton":65,"minecraft:blaze":42,"minecraft:enderman":1,"minecraft:cow":4},"minecraft:custom":{"minecraft:interact_with_smithing_table":3,"minecraft:interact_with_anvil":18,"minecraft:mob_kills":219,"minecraft:interact_with_crafting_table":8,"minecraft:interact_with_campfire":23,"minecraft:bell_ring":1,"minecraft:damage_dealt_resisted":70,"minecraft:leave_game":7,"minecraft:time_since_death":303973,"minecraft:climb_one_cm":25947,"minecraft:damage_resisted":318,"minecraft:sprint_one_cm":658838,"minecraft:walk_one_cm":1000054,"minecraft:damage_blocked_by_shield":66,"minecraft:drop":358,"minecraft:damage_dealt_absorbed":160,"minecraft:talked_to_villager":11,"minecraft:deaths":2,"minecraft:sneak_time":22614,"minecraft:walk_under_water_one_cm":78506,"minecraft:jump":5381,"minecraft:interact_with_blast_furnace":14,"minecraft:walk_on_water_one_cm":80683,"minecraft:enchant_item":19,"minecraft:interact_with_furnace":7,"minecraft:traded_with_villager":11,"minecraft:play_one_minute":512555,"minecraft:sleep_in_bed":1,"minecraft:time_since_rest":304007,"minecraft:damage_taken":3390,"minecraft:damage_absorbed":595,"minecraft:damage_dealt":29804,"minecraft:interact_with_beacon":2,"minecraft:player_kills":3,"minecraft:swim_one_cm":2403,"minecraft:fly_one_cm":2465115,"minecraft:open_chest":38,"minecraft:crouch_one_cm":53627,"minecraft:fall_one_cm":71616},"minecraft:picked_up":{"minecraft:splash_potion":2,"minecraft:leather_leggings":1,"minecraft:gold_block":1,"minecraft:potion":4,"minecraft:gilded_blackstone":8,"minecraft:nether_brick":42,"minecraft:string":27,"minecraft:blackstone":33,"minecraft:iron_nugget":48,"minecraft:poppy":1,"minecraft:sugar_cane":12,"minecraft:chest":2,"minecraft:iron_boots":1,"minecraft:stick":2,"sophisticatedbackpacks:backpack":3,"minecraft:fire_charge":4,"minecraft:porkchop":4,"minecraft:music_disc_pigstep":1,"minecraft:arrow":3,"minecraft:rotten_flesh":2,"minecraft:iron_block":1,"minecraft:chorus_flower":2,"minecraft:gold_ingot":77,"minecraft:obsidian":17,"minecraft:mutton":7,"minecraft:bone_block":3,"minecraft:white_wool":2,"minecraft:cobblestone":6,"minecraft:air":0,"minecraft:cooked_beef":5,"minecraft:magma_cream":5,"minecraft:salmon":1,"minecraft:leather":22,"minecraft:flint":2,"minecraft:oak_log":10,"minecraft:ancient_debris":3,"minecraft:dirt":16,"minecraft:cooked_mutton":5,"minecraft:bone":6,"minecraft:wheat_seeds":4,"minecraft:iron_ingot":6,"minecraft:soul_sand":40,"minecraft:cooked_porkchop":26,"minecraft:quartz":10,"minecraft:gravel":65,"minecraft:sand":4,"minecraft:crying_obsidian":10,"minecraft:spectral_arrow":56,"minecraft:spider_eye":3,"minecraft:golden_apple":1,"minecraft:oak_sapling":3,"minecraft:netherrack":135,"minecraft:black_wool":1,"minecraft:ender_pearl":2},"minecraft:killed_by":{"minecraft:skeleton":1},"minecraft:crafted":{"minecraft:oak_planks":296,"minecraft:furnace":1,"magistuarmory:longbow":1,"minecraft:bookshelf":24,"minecraft:flint_and_steel":1,"magistuarmory:hilt":1,"minecraft:netherite_axe":1,"minecraft:melon_seeds":3,"minecraft:netherite_scrap":38,"minecraft:netherite_pickaxe":1,"minecraft:diamond_axe":1,"minecraft:spruce_planks":12,"minecraft:enchanting_table":1,"minecraft:wooden_pickaxe":1,"magistuarmory:netherite_flamebladedsword":1,"minecraft:bucket":1,"minecraft:enchanted_book":1,"minecraft:air":0,"minecraft:diamond_pickaxe":1,"minecraft:stick":8,"minecraft:iron_ingot":93,"minecraft:iron_pickaxe":1,"minecraft:gold_ingot":83,"minecraft:netherite_ingot":5,"sophisticatedbackpacks:netherite_backpack":4,"magistuarmory:leather_strip":6},"minecraft:mined":{"create:zinc_ore":19,"create:copper_backtank":1,"minecraft:diamond_ore":47,"minecraft:crying_obsidian":5,"minecraft:obsidian":25,"create:natural_scoria":2,"minecraft:nether_bricks":9,"minecraft:granite":4,"minecraft:grass_block":6,"minecraft:crimson_roots":8,"minecraft:cracked_polished_blackstone_bricks":3,"minecraft:spruce_leaves":2,"minecraft:nether_wart":40,"minecraft:spawner":1,"minecraft:gilded_blackstone":2,"minecraft:crimson_stem":31,"minecraft:large_fern":1,"minecraft:polished_blackstone_bricks":4,"minecraft:weeping_vines_plant":1,"minecraft:redstone_ore":16,"minecraft:furnace":1,"minecraft:heavy_weighted_pressure_plate":88,"minecraft:carrots":16,"minecraft:iron_ore":93,"minecraft:andesite":3,"create:copper_ore":24,"minecraft:peony":1,"minecraft:gold_block":4,"minecraft:bookshelf":15,"minecraft:stone":214,"minecraft:blackstone":83,"minecraft:soul_fire":2,"minecraft:melon":27,"minecraft:chest":24,"minecraft:lectern":1,"minecraft:nether_quartz_ore":25,"minecraft:tall_grass":1,"minecraft:cobblestone":8,"minecraft:sugar_cane":26,"minecraft:lapis_ore":5,"minecraft:diorite":3,"minecraft:warped_nylium":1,"minecraft:nether_wart_block":1,"minecraft:bee_nest":1,"minecraft:grass_path":1,"create:weathered_limestone":3,"minecraft:grass":8,"minecraft:oak_log":10,"minecraft:coal_ore":173,"create:gabbro":4,"minecraft:gravel":37,"minecraft:cobweb":4,"minecraft:gold_ore":20,"minecraft:ancient_debris":38,"minecraft:netherrack":755,"minecraft:oak_leaves":1},"minecraft:used":{"decorative_blocks:soul_chandelier":24,"minecraft:enchanting_table":1,"create:acacia_window_pane":5,"minecraft:flint_and_steel":2,"minecraft:spruce_planks":1,"minecraft:chest":49,"minecraft:stone":173,"minecraft:wither_skeleton_spawn_egg":49,"minecraft:warped_sign":2,"create:oak_window":4,"a_man_with_plushies:freddy_fazbear_plush":1,"minecraft:soul_campfire":3,"minecraft:mutton":1,"mcwfurnitures:stripped_oak_desk":4,"minecraft:dirt":127,"create:fluid_tank":34,"create:mechanical_pump":23,"minecraft:soul_sand":4,"minecraft:anvil":3,"decorative_blocks:soul_brazier":2,"minecraft:white_carpet":17,"decorative_blocks:lattice":3,"create:cogwheel":10,"minecraft:obsidian":17,"minecraft:nether_bricks":22,"create:overgrown_scoria":4,"minecraft:carrot":112,"magistuarmory:diamond_heavymace":3,"minecraft:warped_door":2,"mcwfurnitures:stripped_oak_double_drawer":5,"sophisticatedbackpacks:netherite_backpack":2,"minecraft:warped_pressure_plate":2,"create:speedometer":4,"create:spruce_window":5,"create:warped_window":12,"decorative_blocks:bar_panel":6,"minecraft:bookshelf":34,"minecraft:quartz_pillar":2,"minecraft:lava_bucket":4,"create:gearbox":13,"create:brass_encased_shaft":2,"create:wrench":61,"minecraft:iron_block":9,"minecraft:grass_block":309,"create:hose_pulley":12,"minecraft:netherite_hoe":114,"minecraft:crimson_planks":60,"create:creative_motor":31,"minecraft:melon_seeds":17,"magistuarmory:diamond_chainmorgenstern":16,"decorative_blocks:warped_beam":1,"minecraft:glowstone":7,"minecraft:warped_stairs":2,"minecraft:bow":26,"minecraft:scaffolding":69,"create:shaft":86,"minecraft:oak_sapling":1,"minecraft:lime_stained_glass":33,"minecraft:furnace":1,"mcwfurnitures:oak_striped_chair":6,"a_man_with_plushies:cc_green_knight_plush":1,"magistuarmory:netherite_flamebladedsword":99,"create:fluid_valve":34,"minecraft:netherite_pickaxe":89,"minecraft:potato":19,"create:fluid_pipe":95,"minecraft:crimson_pressure_plate":4,"minecraft:enchanted_golden_apple":6,"minecraft:cooked_beef":1,"minecraft:golden_axe":10,"create:gearshift":3,"minecraft:crimson_stem":27,"create:wand_of_symmetry":10,"minecraft:wheat_seeds":30,"create:handheld_worldshaper":30,"minecraft:water_bucket":118,"minecraft:wither_skeleton_skull":3,"minecraft:stone_pickaxe":118,"minecraft:oak_planks":175,"create:crimson_window":3,"minecraft:wooden_pickaxe":4,"minecraft:magenta_stained_glass":1,"a_man_with_plushies:crewmate_plush":1,"minecraft:beacon":2,"minecraft:diamond_axe":75,"minecraft:sugar_cane":15,"create:copper_valve_handle":21,"a_man_with_plushies:audino_plush":1,"minecraft:golden_hoe":2,"minecraft:sand":77,"minecraft:crafting_table":1,"minecraft:blast_furnace":3,"create:ornate_iron_window":3,"minecraft:light_blue_wool":2,"minecraft:sponge":3,"magistuarmory:diamond_flamebladedsword":246,"magistuarmory:longbow":30,"minecraft:pumpkin_seeds":17,"minecraft:warped_planks":1,"minecraft:dark_oak_door":3,"a_man_with_plushies:peashooter_plush":1,"minecraft:birch_fence":1,"minecraft:diamond_pickaxe":1273,"create:copper_backtank":1,"minecraft:melon_slice":15,"decorative_blocks:chain":12,"minecraft:bread":3,"minecraft:iron_pickaxe":250,"minecraft:netherite_axe":15,"create:water_wheel":11,"create:potato_cannon":1,"spartanshields:shield_tower_diamond":2,"minecraft:soul_lantern":1,"minecraft:pink_bed":2,"minecraft:cobblestone":296,"minecraft:potion":4,"minecraft:porkchop":3,"minecraft:splash_potion":1,"minecraft:cooked_porkchop":12,"minecraft:grindstone":1,"minecraft:smithing_table":1,"create:hand_crank":1,"minecraft:gray_wool":22,"minecraft:bucket":35,"minecraft:chain":13,"minecraft:pink_stained_glass":11,"create:creative_fluid_tank":5,"create:vertical_gearbox":21,"minecraft:jukebox":1,"minecraft:white_concrete":2},"minecraft:dropped":{"magistuarmory:barbedclub":1,"minecraft:wheat_seeds":3767,"minecraft:diamond_axe":1,"magistuarmory:knight_boots":1,"minecraft:chorus_flower":2,"magistuarmory:netherite_katzbalger":1,"minecraft:cooked_porkchop":11,"minecraft:cobblestone":82,"minecraft:leather":2,"minecraft:granite":4,"magistuarmory:armet":1,"minecraft:rail":4,"minecraft:cracked_polished_blackstone_bricks":3,"minecraft:dirt":38,"spartanshields:shield_botania_elementium":1,"create:handheld_worldshaper":2,"minecraft:diorite":3,"minecraft:torch":1,"minecraft:crimson_roots":8,"minecraft:nether_wart_block":1,"minecraft:cooked_salmon":4,"minecraft:potion":1,"minecraft:phantom_membrane":1,"minecraft:polished_blackstone_bricks":4,"magistuarmory:diamond_zweihander":1,"magistuarmory:diamond_chainmorgenstern":1,"minecraft:spruce_sapling":7,"minecraft:bone":2,"minecraft:dandelion":1,"minecraft:gold_ingot":168,"minecraft:gravel":73,"minecraft:dark_oak_door":1,"magistuarmory:knight_leggings":1,"minecraft:golden_chestplate":1,"minecraft:stone_sword":1,"minecraft:enchanted_golden_apple":18,"sophisticatedbackpacks:backpack":3,"magistuarmory:netherite_shortsword":1,"minecraft:pumpkin_seeds":2,"create:weathered_limestone_cobblestone":3,"minecraft:carrot":1,"minecraft:diamond_sword":1,"magistuarmory:chainmail_horse_armor":1,"minecraft:poppy":2,"minecraft:stone":2,"magistuarmory:knight_chestplate":1,"minecraft:peony":1,"minecraft:diamond_pickaxe":1,"minecraft:oak_sapling":4,"minecraft:golden_sword":1,"magistuarmory:heavy_crossbow":1,"minecraft:bow":1,"minecraft:stone_pickaxe":3,"minecraft:scaffolding":40,"minecraft:lectern":1,"create:gabbro_cobblestone":4,"magistuarmory:netherite_lucernhammer":1,"minecraft:egg":1},"minecraft:broken":{"minecraft:iron_pickaxe":1}},"DataVersion":2586}