{"stats":{"minecraft:broken":{"minecraft:iron_pickaxe":1},"minecraft:crafted":{"minecraft:oak_planks":296,"minecraft:furnace":1,"minecraft:bookshelf":24,"minecraft:flint_and_steel":1,"minecraft:diamond_axe":1,"minecraft:spruce_planks":12,"minecraft:enchanting_table":1,"minecraft:wooden_pickaxe":1,"minecraft:bucket":1,"minecraft:enchanted_book":1,"minecraft:air":0,"minecraft:diamond_pickaxe":1,"minecraft:stick":8,"minecraft:iron_pickaxe":1,"minecraft:iron_ingot":13,"sophisticatedbackpacks:netherite_backpack":4},"minecraft:mined":{"create:zinc_ore":19,"minecraft:diamond_ore":47,"minecraft:crying_obsidian":5,"minecraft:obsidian":25,"create:natural_scoria":2,"minecraft:granite":4,"minecraft:grass_block":6,"minecraft:spruce_leaves":2,"minecraft:spawner":1,"minecraft:large_fern":1,"minecraft:redstone_ore":16,"minecraft:furnace":1,"minecraft:carrots":16,"minecraft:iron_ore":93,"minecraft:andesite":3,"create:copper_ore":24,"minecraft:peony":1,"minecraft:gold_block":2,"minecraft:bookshelf":15,"minecraft:stone":214,"minecraft:melon":12,"minecraft:chest":9,"minecraft:lectern":1,"minecraft:tall_grass":1,"minecraft:lapis_ore":5,"minecraft:sugar_cane":11,"minecraft:diorite":3,"minecraft:bee_nest":1,"minecraft:grass_path":1,"create:weathered_limestone":3,"minecraft:grass":8,"minecraft:coal_ore":173,"minecraft:oak_log":10,"create:gabbro":4,"minecraft:gravel":13,"minecraft:cobweb":4,"minecraft:netherrack":4,"minecraft:gold_ore":20,"minecraft:oak_leaves":1},"minecraft:custom":{"minecraft:mob_kills":53,"minecraft:interact_with_anvil":5,"minecraft:interact_with_crafting_table":6,"minecraft:interact_with_campfire":4,"minecraft:bell_ring":1,"minecraft:damage_dealt_resisted":70,"minecraft:leave_game":4,"minecraft:time_since_death":87607,"minecraft:climb_one_cm":20901,"minecraft:damage_resisted":66,"minecraft:sprint_one_cm":401750,"minecraft:walk_one_cm":575988,"minecraft:damage_blocked_by_shield":66,"minecraft:drop":113,"minecraft:damage_dealt_absorbed":90,"minecraft:talked_to_villager":11,"minecraft:deaths":2,"minecraft:sneak_time":13523,"minecraft:walk_under_water_one_cm":24232,"minecraft:jump":2916,"minecraft:interact_with_blast_furnace":2,"minecraft:walk_on_water_one_cm":36326,"minecraft:enchant_item":18,"minecraft:interact_with_furnace":7,"minecraft:traded_with_villager":11,"minecraft:play_one_minute":296189,"minecraft:sleep_in_bed":1,"minecraft:time_since_rest":87641,"minecraft:damage_taken":1598,"minecraft:damage_absorbed":163,"minecraft:damage_dealt":6830,"minecraft:interact_with_beacon":2,"minecraft:swim_one_cm":173,"minecraft:fly_one_cm":1604088,"minecraft:player_kills":2,"minecraft:open_chest":3,"minecraft:crouch_one_cm":33398,"minecraft:fall_one_cm":42371},"minecraft:used":{"minecraft:enchanting_table":1,"minecraft:flint_and_steel":1,"decorative_blocks:soul_chandelier":24,"minecraft:chest":49,"minecraft:spruce_planks":1,"minecraft:stone":173,"minecraft:warped_sign":2,"minecraft:soul_campfire":3,"mcwfurnitures:stripped_oak_desk":4,"minecraft:dirt":127,"minecraft:mutton":1,"minecraft:anvil":3,"decorative_blocks:soul_brazier":1,"minecraft:carrot":99,"magistuarmory:diamond_heavymace":3,"minecraft:warped_door":2,"mcwfurnitures:stripped_oak_double_drawer":5,"sophisticatedbackpacks:netherite_backpack":2,"decorative_blocks:lattice":3,"minecraft:warped_pressure_plate":2,"minecraft:obsidian":16,"minecraft:lava_bucket":4,"minecraft:bookshelf":34,"minecraft:quartz_pillar":2,"minecraft:iron_block":9,"minecraft:grass_block":309,"minecraft:netherite_hoe":113,"minecraft:crimson_planks":60,"minecraft:melon_seeds":16,"magistuarmory:diamond_chainmorgenstern":16,"decorative_blocks:warped_beam":1,"minecraft:glowstone":7,"minecraft:bow":1,"minecraft:warped_stairs":2,"minecraft:scaffolding":69,"minecraft:lime_stained_glass":33,"minecraft:furnace":1,"minecraft:oak_sapling":1,"mcwfurnitures:oak_striped_chair":6,"minecraft:crimson_pressure_plate":4,"minecraft:potato":19,"minecraft:enchanted_golden_apple":2,"minecraft:golden_axe":10,"minecraft:crimson_stem":27,"minecraft:wheat_seeds":30,"create:handheld_worldshaper":30,"minecraft:water_bucket":107,"minecraft:stone_pickaxe":118,"minecraft:oak_planks":175,"minecraft:wooden_pickaxe":4,"minecraft:magenta_stained_glass":1,"minecraft:beacon":2,"minecraft:diamond_axe":25,"minecraft:sugar_cane":15,"minecraft:golden_hoe":2,"minecraft:crafting_table":1,"minecraft:light_blue_wool":2,"minecraft:blast_furnace":3,"magistuarmory:diamond_flamebladedsword":76,"minecraft:warped_planks":1,"minecraft:pumpkin_seeds":17,"minecraft:dark_oak_door":3,"minecraft:diamond_pickaxe":301,"decorative_blocks:chain":12,"minecraft:iron_pickaxe":250,"spartanshields:shield_tower_diamond":2,"minecraft:soul_lantern":1,"minecraft:pink_bed":2,"minecraft:cobblestone":1,"minecraft:potion":4,"minecraft:porkchop":3,"minecraft:grindstone":1,"minecraft:smithing_table":1,"minecraft:bucket":15,"minecraft:chain":13,"minecraft:pink_stained_glass":11,"minecraft:splash_potion":1,"minecraft:jukebox":1},"minecraft:dropped":{"magistuarmory:barbedclub":1,"minecraft:wheat_seeds":3767,"minecraft:diamond_axe":1,"magistuarmory:knight_boots":1,"minecraft:chorus_flower":2,"magistuarmory:netherite_katzbalger":1,"minecraft:leather":1,"magistuarmory:armet":1,"minecraft:rail":4,"minecraft:dirt":16,"create:handheld_worldshaper":2,"spartanshields:shield_botania_elementium":1,"minecraft:cooked_salmon":4,"minecraft:potion":1,"magistuarmory:diamond_chainmorgenstern":1,"magistuarmory:diamond_zweihander":1,"minecraft:bone":2,"minecraft:dark_oak_door":1,"magistuarmory:knight_leggings":1,"minecraft:enchanted_golden_apple":18,"sophisticatedbackpacks:backpack":1,"magistuarmory:netherite_shortsword":1,"minecraft:carrot":1,"minecraft:pumpkin_seeds":1,"minecraft:diamond_sword":1,"magistuarmory:knight_chestplate":1,"minecraft:diamond_pickaxe":1,"magistuarmory:heavy_crossbow":1,"minecraft:stone_pickaxe":2,"minecraft:scaffolding":40,"magistuarmory:netherite_lucernhammer":1},"minecraft:killed":{"minecraft:cave_spider":1,"minecraft:witch":1,"minecraft:spider":9,"minecraft:phantom":1,"minecraft:skeleton":5,"minecraft:chicken":5,"minecraft:pig":9,"minecraft:sheep":2,"minecraft:pillager":2,"minecraft:zombie":13,"minecraft:cow":4},"minecraft:picked_up":{"minecraft:leather_leggings":1,"minecraft:string":3,"minecraft:poppy":1,"minecraft:sugar_cane":12,"minecraft:stick":2,"minecraft:porkchop":4,"minecraft:arrow":3,"minecraft:rotten_flesh":2,"minecraft:chorus_flower":2,"minecraft:mutton":7,"minecraft:white_wool":2,"minecraft:cobblestone":4,"minecraft:air":0,"minecraft:salmon":1,"minecraft:oak_log":10,"minecraft:dirt":16,"minecraft:bone":3,"minecraft:wheat_seeds":4,"minecraft:sand":4,"minecraft:spider_eye":3,"minecraft:oak_sapling":3,"minecraft:black_wool":1},"minecraft:killed_by":{"minecraft:skeleton":1}},"DataVersion":2586}