{"stats":{"minecraft:crafted":{"sophisticatedbackpacks:netherite_backpack":4},"minecraft:picked_up":{"minecraft:salmon":1,"minecraft:wheat_seeds":4,"minecraft:poppy":1,"minecraft:chorus_flower":2,"minecraft:oak_sapling":2,"minecraft:black_wool":1,"minecraft:mutton":5},"minecraft:dropped":{"magistuarmory:barbedclub":1,"magistuarmory:knight_leggings":1,"minecraft:wheat_seeds":2,"minecraft:diamond_axe":1,"magistuarmory:knight_boots":1,"minecraft:chorus_flower":2,"magistuarmory:netherite_katzbalger":1,"minecraft:enchanted_golden_apple":18,"sophisticatedbackpacks:backpack":1,"magistuarmory:netherite_shortsword":1,"magistuarmory:armet":1,"minecraft:diamond_sword":1,"spartanshields:shield_botania_elementium":1,"create:handheld_worldshaper":2,"magistuarmory:knight_chestplate":1,"minecraft:diamond_pickaxe":1,"minecraft:potion":1,"magistuarmory:heavy_crossbow":1,"magistuarmory:diamond_zweihander":1,"magistuarmory:diamond_chainmorgenstern":1,"magistuarmory:netherite_lucernhammer":1},"minecraft:used":{"minecraft:crimson_stem":27,"minecraft:wheat_seeds":30,"create:handheld_worldshaper":18,"minecraft:water_bucket":94,"decorative_blocks:soul_chandelier":1,"minecraft:oak_planks":175,"minecraft:spruce_planks":1,"minecraft:chest":49,"minecraft:magenta_stained_glass":1,"minecraft:warped_sign":2,"minecraft:beacon":2,"minecraft:soul_campfire":3,"mcwfurnitures:stripped_oak_desk":4,"minecraft:dirt":16,"minecraft:anvil":1,"decorative_blocks:soul_brazier":1,"minecraft:crafting_table":1,"minecraft:blast_furnace":3,"minecraft:carrot":39,"magistuarmory:diamond_heavymace":3,"mcwfurnitures:stripped_oak_double_drawer":5,"minecraft:warped_door":2,"decorative_blocks:lattice":3,"minecraft:warped_pressure_plate":2,"minecraft:warped_planks":1,"minecraft:pumpkin_seeds":16,"minecraft:dark_oak_door":3,"minecraft:iron_block":9,"minecraft:grass_block":304,"minecraft:netherite_hoe":112,"minecraft:crimson_planks":10,"spartanshields:shield_tower_diamond":2,"minecraft:melon_seeds":16,"magistuarmory:diamond_chainmorgenstern":16,"decorative_blocks:warped_beam":1,"minecraft:potion":4,"minecraft:warped_stairs":2,"minecraft:scaffolding":14,"mcwfurnitures:oak_striped_chair":6,"minecraft:lime_stained_glass":27,"minecraft:grindstone":1,"minecraft:smithing_table":1,"minecraft:pink_stained_glass":11,"minecraft:crimson_pressure_plate":4,"minecraft:potato":19,"minecraft:enchanted_golden_apple":2,"minecraft:jukebox":1,"minecraft:splash_potion":1},"minecraft:custom":{"minecraft:interact_with_crafting_table":1,"minecraft:play_one_minute":120043,"minecraft:interact_with_campfire":4,"minecraft:leave_game":1,"minecraft:time_since_death":120043,"minecraft:climb_one_cm":2687,"minecraft:damage_resisted":66,"minecraft:time_since_rest":120043,"minecraft:sprint_one_cm":78070,"minecraft:walk_one_cm":254720,"minecraft:damage_taken":87,"minecraft:damage_absorbed":163,"minecraft:damage_blocked_by_shield":41,"minecraft:drop":41,"minecraft:damage_dealt":598,"minecraft:interact_with_beacon":2,"minecraft:open_chest":2,"minecraft:fly_one_cm":879913,"minecraft:player_kills":2,"minecraft:crouch_one_cm":2057,"minecraft:sneak_time":1850,"minecraft:walk_under_water_one_cm":4665,"minecraft:jump":613,"minecraft:walk_on_water_one_cm":1871,"minecraft:fall_one_cm":2208}},"DataVersion":2586}