{"stats":{"minecraft:killed_by":{"minecraft:skeleton":1},"minecraft:mined":{"minecraft:obsidian":25,"minecraft:granite":5,"minecraft:grass_block":6,"minecraft:cracked_polished_blackstone_bricks":3,"minecraft:nether_wart":40,"minecraft:gilded_blackstone":2,"minecraft:spawner":3,"minecraft:polished_blackstone_bricks":4,"minecraft:weeping_vines_plant":1,"minecraft:iron_ore":93,"create:copper_ore":24,"minecraft:iron_bars":3,"minecraft:blackstone":83,"minecraft:soul_fire":2,"minecraft:melon":27,"minecraft:chest":32,"minecraft:nether_quartz_ore":25,"minecraft:cobblestone":9,"minecraft:sugar_cane":26,"minecraft:oak_planks":1,"minecraft:iron_door":23,"minecraft:wall_torch":1,"minecraft:warped_nylium":1,"minecraft:nether_wart_block":1,"minecraft:smooth_stone_slab":2,"minecraft:grass":8,"create:weathered_limestone":3,"minecraft:infested_mossy_stone_bricks":1,"minecraft:oak_log":10,"create:gabbro":4,"minecraft:netherrack":755,"minecraft:ancient_debris":38,"minecraft:oak_leaves":4,"create:zinc_ore":19,"minecraft:crying_obsidian":5,"create:copper_backtank":7,"minecraft:diamond_ore":58,"minecraft:end_stone":54,"create:natural_scoria":2,"minecraft:nether_bricks":9,"minecraft:crimson_roots":8,"minecraft:spruce_leaves":2,"minecraft:crimson_stem":31,"minecraft:large_fern":1,"create_confectionery:black_chocolate_bricks_stairs":1,"minecraft:redstone_ore":16,"minecraft:furnace":1,"minecraft:heavy_weighted_pressure_plate":88,"minecraft:carrots":16,"minecraft:andesite":7,"minecraft:peony":1,"minecraft:gold_block":4,"minecraft:bookshelf":17,"minecraft:stone":333,"minecraft:infested_stone_bricks":4,"minecraft:oak_fence":1,"minecraft:lectern":1,"minecraft:tall_grass":1,"minecraft:lapis_ore":11,"minecraft:diorite":3,"minecraft:grass_path":1,"minecraft:bee_nest":1,"sophisticatedbackpacks:netherite_backpack":1,"minecraft:coal_ore":174,"minecraft:gravel":37,"minecraft:cobweb":15,"minecraft:cracked_stone_bricks":15,"minecraft:stone_bricks":52,"minecraft:mossy_stone_bricks":17,"minecraft:gold_ore":20},"minecraft:broken":{"minecraft:iron_pickaxe":1},"minecraft:crafted":{"minecraft:oak_planks":296,"minecraft:bookshelf":24,"minecraft:melon_seeds":3,"minecraft:diamond_axe":1,"minecraft:spruce_planks":12,"minecraft:wooden_pickaxe":1,"magistuarmory:netherite_flamebladedsword":1,"minecraft:diamond_pickaxe":1,"minecraft:stick":8,"minecraft:iron_ingot":93,"minecraft:iron_pickaxe":1,"minecraft:gold_ingot":83,"minecraft:netherite_ingot":5,"sophisticatedbackpacks:netherite_backpack":4,"magistuarmory:leather_strip":6,"minecraft:furnace":1,"magistuarmory:longbow":1,"minecraft:flint_and_steel":1,"magistuarmory:hilt":1,"minecraft:netherite_axe":1,"minecraft:netherite_scrap":38,"minecraft:netherite_pickaxe":1,"minecraft:enchanting_table":1,"minecraft:bucket":1,"minecraft:enchanted_book":1,"minecraft:air":0,"farmersdelight:noodle_soup":1},"minecraft:picked_up":{"minecraft:potion":4,"minecraft:nether_brick":42,"minecraft:gilded_blackstone":8,"minecraft:string":27,"sophisticatedbackpacks:netherite_backpack":2,"minecraft:iron_boots":1,"minecraft:stick":2,"minecraft:torch":1,"minecraft:porkchop":4,"minecraft:music_disc_pigstep":1,"minecraft:rotten_flesh":2,"minecraft:iron_block":1,"minecraft:chorus_flower":2,"minecraft:obsidian":17,"minecraft:cobblestone":7,"minecraft:cooked_beef":5,"minecraft:magma_cream":5,"minecraft:iron_door":4,"minecraft:flint":2,"minecraft:dirt":16,"minecraft:bone":6,"minecraft:wheat_seeds":4,"minecraft:cooked_porkchop":26,"minecraft:sand":4,"minecraft:spectral_arrow":56,"minecraft:golden_apple":1,"minecraft:oak_sapling":3,"minecraft:netherrack":135,"minecraft:splash_potion":2,"minecraft:leather_leggings":1,"minecraft:gold_block":1,"minecraft:blackstone":33,"minecraft:cracked_stone_bricks":2,"minecraft:iron_nugget":48,"minecraft:poppy":1,"minecraft:sugar_cane":12,"minecraft:chest":3,"sophisticatedbackpacks:backpack":3,"minecraft:fire_charge":4,"minecraft:redstone":9,"minecraft:arrow":3,"minecraft:gold_ingot":80,"minecraft:mutton":7,"minecraft:white_wool":2,"minecraft:bone_block":3,"minecraft:air":0,"minecraft:salmon":1,"minecraft:leather":22,"minecraft:oak_log":10,"minecraft:ancient_debris":3,"minecraft:cooked_mutton":5,"minecraft:apple":1,"minecraft:stone_bricks":3,"minecraft:iron_ingot":6,"minecraft:soul_sand":40,"minecraft:quartz":10,"minecraft:gravel":65,"minecraft:spider_eye":3,"minecraft:crying_obsidian":10,"minecraft:black_wool":1,"minecraft:ender_pearl":2},"minecraft:used":{"minecraft:oak_sign":1,"mcwlights:black_ceiling_light":2,"minecraft:chest":49,"farmersdelight:stove":7,"minecraft:stone":173,"butchersdelight:hook":1,"create:haunted_bell":3,"minecraft:warped_sign":2,"minecraft:red_nether_brick_stairs":7,"create_confectionery:black_chocolate_bricks_stairs":2,"create:sticker":1,"a_man_with_plushies:lariat_plushie":2,"create:oak_window":4,"minecraft:farmland":2,"minecraft:soul_campfire":9,"create:fluid_tank":45,"minecraft:soul_sand":4,"minecraft:mutton":1,"decorative_blocks:birch_beam":1,"mcwfurnitures:stripped_oak_counter":4,"create:cogwheel":18,"minecraft:nether_bricks":22,"minecraft:carrot":113,"mcwlights:wall_lamp":18,"a_man_with_plushies:blissey_plush":1,"minecraft:pink_terracotta":4,"a_man_with_plushies:allay_plush":2,"minecraft:cyan_wool":3,"decorative_blocks:lattice":3,"create:speedometer":4,"minecraft:obsidian":17,"a_man_with_plushies:spamton_plush":1,"minecraft:lava_bucket":4,"minecraft:quartz_pillar":2,"minecraft:red_wool":67,"minecraft:grass_block":310,"minecraft:quartz_block":30,"minecraft:netherite_hoe":114,"a_man_with_plushies:enderman_plush":1,"mcwlights:soul_bamboo_tiki_torch":1,"minecraft:item_frame":2,"decorative_blocks:warped_beam":1,"farmersdelight:cutting_board":2,"minecraft:bow":26,"minecraft:scaffolding":69,"create:shaft":111,"minecraft:furnace":1,"minecraft:oak_sapling":1,"mcwfurnitures:oak_striped_chair":10,"minecraft:egg":1,"farmersdelight:spruce_pantry":2,"minecraft:potato":20,"a_man_with_plushies:cc_green_knight_plush":2,"farmersdelight:hamburger":3,"farmersdelight:full_tatami_mat":6,"minecraft:cow_spawn_egg":2,"create:acacia_window":8,"farmersdelight:netherite_knife":2,"minecraft:wither_skeleton_skull":3,"a_man_with_plushies:popgoes_plush":1,"farmersdelight:dog_food":3,"minecraft:stone_pickaxe":118,"minecraft:oak_planks":195,"minecraft:wooden_pickaxe":4,"minecraft:black_glazed_terracotta":22,"create_confectionery:black_chocolate_bricks":19,"a_man_with_plushies:isaac_plush":1,"minecraft:diamond_axe":75,"minecraft:sugar_cane":15,"create:copper_valve_handle":23,"mcwlights:birch_tiki_torch":1,"minecraft:white_wool":3,"a_man_with_plushies:wilson_plush":4,"butchersdelight:skullcow":3,"minecraft:golden_hoe":2,"minecraft:sand":78,"minecraft:light_blue_wool":2,"minecraft:blast_furnace":3,"create:ornate_iron_window":60,"minecraft:sponge":3,"a_man_with_plushies:sudowoodo_plush":1,"decorative_blocks:crimson_beam":28,"magistuarmory:longbow":128,"minecraft:end_stone":38,"minecraft:pumpkin_seeds":17,"minecraft:birch_fence":1,"create_confectionery:black_chocolate_bucket":1,"minecraft:lever":2,"minecraft:black_concrete":64,"create:copper_backtank":1,"minecraft:heavy_weighted_pressure_plate":5,"minecraft:melon_slice":25,"mcwlights:warped_ceiling_fan_light":2,"minecraft:bread":3,"minecraft:red_terracotta":1,"create:potato_cannon":1,"mcwlights:white_ceiling_light":2,"minecraft:iron_door":6,"a_man_with_plushies:companion_block_plushie":2,"minecraft:soul_lantern":1,"minecraft:coal_block":105,"a_man_with_plushies:heavy_plush":2,"minecraft:grindstone":1,"minecraft:smithing_table":1,"minecraft:chain":13,"minecraft:pink_stained_glass":13,"a_man_with_plushies:the_knight_plush":1,"minecraft:white_concrete":261,"create:vertical_gearbox":21,"mcwlights:gray_paper_lamp":2,"minecraft:trident":13,"minecraft:enchanting_table":1,"decorative_blocks:soul_chandelier":24,"create:crimson_window_pane":1,"create:acacia_window_pane":5,"minecraft:flint_and_steel":11,"create:schematic_table":2,"mcwlights:gray_ceiling_light":6,"minecraft:spruce_planks":1,"create:cuckoo_clock":1,"minecraft:wither_skeleton_spawn_egg":49,"mcwlights:white_paper_lamp":9,"mcwlights:iron_chandelier":4,"create_confectionery:black_chocolate_bricks_slab":4,"a_man_with_plushies:goose_plush":1,"mcwfurnitures:stripped_oak_desk":4,"minecraft:anvil":3,"a_man_with_plushies:freddy_fazbear_plush":8,"create:mechanical_pump":46,"minecraft:dirt":135,"decorative_blocks:soul_brazier":2,"minecraft:white_carpet":17,"create_confectionery:caramel_bricks":1,"minecraft:crimson_hyphae":20,"magistuarmory:diamond_heavymace":3,"mcwfurnitures:stripped_oak_double_drawer":5,"minecraft:warped_door":2,"sophisticatedbackpacks:netherite_backpack":2,"create:overgrown_scoria":4,"minecraft:warped_pressure_plate":2,"create:spruce_window":10,"minecraft:polished_diorite":103,"decorative_blocks:bar_panel":7,"create:warped_window":12,"minecraft:bookshelf":34,"create:gearbox":13,"create:wrench":76,"minecraft:iron_block":9,"mcwlights:pink_paper_lamp":20,"create:brass_encased_shaft":2,"create:hose_pulley":13,"create_confectionery:marshmallow_on_a_stick":1,"minecraft:crimson_planks":68,"create:creative_motor":43,"minecraft:melon_seeds":17,"magistuarmory:diamond_chainmorgenstern":16,"mcwlights:sea_lantern_slab":1,"create_confectionery:caramel_bricks_stairs":1,"minecraft:glowstone":140,"create:horizontal_framed_glass_pane":3,"a_man_with_plushies:odd_tree":1,"a_man_with_plushies:ghast_plush":3,"minecraft:warped_stairs":2,"minecraft:black_stained_glass":154,"mcwlights:golden_chain":4,"minecraft:lime_stained_glass":62,"magistuarmory:netherite_flamebladedsword":143,"farmersdelight:cooking_pot":1,"minecraft:netherite_pickaxe":414,"create:fluid_pipe":165,"minecraft:crimson_pressure_plate":4,"minecraft:cooked_beef":2,"create:fluid_valve":39,"minecraft:enchanted_golden_apple":17,"minecraft:golden_axe":10,"farmersdelight:potato_crate":2,"create:gearshift":3,"minecraft:crimson_stem":27,"create:wand_of_symmetry":10,"minecraft:wheat_seeds":32,"create:handheld_worldshaper":34,"minecraft:water_bucket":144,"farmersdelight:skillet":8,"minecraft:lime_wool":2,"minecraft:red_nether_bricks":36,"create:crimson_window":19,"create:red_seat":4,"minecraft:red_mushroom_block":4,"minecraft:magenta_stained_glass":1,"a_man_with_plushies:crewmate_plush":4,"minecraft:beacon":2,"a_man_with_plushies:audino_plush":2,"minecraft:crafting_table":1,"minecraft:crimson_trapdoor":9,"create:schematicannon":1,"magistuarmory:diamond_flamebladedsword":246,"mcwlights:framed_torch":1,"minecraft:music_disc_strad":2,"minecraft:dark_oak_door":3,"minecraft:warped_planks":1,"create:sail_frame":1,"minecraft:nether_gold_ore":4,"a_man_with_plushies:peashooter_plush":1,"minecraft:purple_stained_glass":2,"minecraft:piston":1,"minecraft:ender_eye":38,"minecraft:diamond_pickaxe":1273,"decorative_blocks:chain":12,"minecraft:iron_pickaxe":250,"minecraft:netherite_axe":27,"create:water_wheel":11,"minecraft:jungle_stairs":1,"mcwlights:soul_double_street_lamp":9,"create:mechanical_arm":1,"farmersdelight:pink_canvas_sign":2,"create_confectionery:black_chocolate_bricks_wall":5,"spartanshields:shield_tower_diamond":2,"mcwfurnitures:crimson_glass_table":8,"a_man_with_plushies:glados_plush":1,"minecraft:pink_bed":2,"minecraft:cobblestone":344,"minecraft:potion":6,"minecraft:cooked_porkchop":12,"minecraft:porkchop":3,"mcwlights:classic_street_lamp":2,"minecraft:bucket":44,"create:creative_fluid_tank":5,"create:hand_crank":1,"create:dark_oak_window":14,"mcwfurnitures:oak_table":3,"create_confectionery:caramelized_marshmellow_on_a_stick":2,"minecraft:gray_wool":22,"butchersdelight:rack":10,"minecraft:splash_potion":1,"minecraft:jukebox":3,"minecraft:soul_torch":2},"minecraft:killed":{"minecraft:cave_spider":1,"minecraft:zombified_piglin":5,"minecraft:witch":1,"minecraft:spider":11,"minecraft:wither":1,"minecraft:skeleton":10,"minecraft:chicken":5,"minecraft:silverfish":5,"minecraft:magma_cube":19,"minecraft:piglin":17,"minecraft:pig":9,"minecraft:zombie_villager":1,"minecraft:ender_dragon":1,"minecraft:creeper":5,"minecraft:sheep":3,"minecraft:pillager":2,"minecraft:zombie":20,"minecraft:cow":6,"minecraft:blaze":42,"minecraft:phantom":1,"minecraft:hoglin":3,"minecraft:wither_skeleton":65,"minecraft:enderman":1},"minecraft:custom":{"minecraft:interact_with_crafting_table":8,"minecraft:open_shulker_box":1,"minecraft:bell_ring":6,"minecraft:leave_game":21,"minecraft:time_since_death":284938,"minecraft:damage_resisted":1172,"minecraft:sprint_one_cm":1139899,"minecraft:damage_blocked_by_shield":66,"minecraft:drop":364,"minecraft:talked_to_villager":12,"minecraft:deaths":3,"minecraft:jump":8425,"minecraft:walk_on_water_one_cm":108843,"minecraft:enchant_item":23,"minecraft:interact_with_furnace":7,"minecraft:play_record":2,"minecraft:traded_with_villager":11,"minecraft:play_one_minute":887743,"minecraft:sleep_in_bed":3,"minecraft:damage_dealt":32253,"minecraft:interact_with_beacon":4,"minecraft:player_kills":3,"minecraft:crouch_one_cm":66908,"minecraft:interact_with_smithing_table":3,"minecraft:mob_kills":253,"minecraft:interact_with_anvil":19,"minecraft:interact_with_campfire":23,"minecraft:damage_dealt_resisted":134,"minecraft:climb_one_cm":36717,"minecraft:walk_one_cm":1913630,"minecraft:damage_dealt_absorbed":185,"minecraft:sneak_time":30626,"minecraft:walk_under_water_one_cm":101469,"minecraft:interact_with_blast_furnace":14,"minecraft:time_since_rest":7867,"minecraft:damage_absorbed":1683,"minecraft:damage_taken":4792,"minecraft:swim_one_cm":7279,"minecraft:fly_one_cm":6543283,"minecraft:open_chest":53,"minecraft:fall_one_cm":107145},"minecraft:dropped":{"farmersdelight:hamburger":1,"magistuarmory:barbedclub":1,"minecraft:diamond_axe":1,"magistuarmory:knight_boots":1,"magistuarmory:netherite_katzbalger":1,"minecraft:cooked_porkchop":11,"minecraft:leather":2,"minecraft:rail":4,"minecraft:dirt":38,"minecraft:cracked_polished_blackstone_bricks":3,"spartanshields:shield_botania_elementium":1,"minecraft:crimson_roots":8,"minecraft:phantom_membrane":1,"minecraft:polished_blackstone_bricks":4,"minecraft:gold_ingot":168,"minecraft:bone":2,"minecraft:gravel":73,"minecraft:dark_oak_door":1,"minecraft:golden_chestplate":1,"minecraft:enchanted_golden_apple":18,"minecraft:carrot":1,"minecraft:poppy":2,"magistuarmory:knight_chestplate":1,"minecraft:scaffolding":40,"farmersdelight:fish_stew":1,"minecraft:lectern":1,"magistuarmory:netherite_lucernhammer":1,"minecraft:egg":1,"minecraft:wheat_seeds":3767,"minecraft:chorus_flower":2,"farmersdelight:skillet":1,"minecraft:cobblestone":82,"farmersdelight:smoked_ham":1,"minecraft:granite":4,"magistuarmory:armet":1,"create:handheld_worldshaper":2,"minecraft:diorite":3,"minecraft:torch":1,"farmersdelight:cooking_pot":1,"minecraft:nether_wart_block":1,"minecraft:cooked_salmon":4,"minecraft:potion":1,"farmersdelight:shepherds_pie":1,"magistuarmory:diamond_chainmorgenstern":1,"minecraft:spruce_sapling":7,"magistuarmory:diamond_zweihander":1,"minecraft:dandelion":1,"magistuarmory:knight_leggings":1,"minecraft:stone_sword":1,"sophisticatedbackpacks:backpack":3,"magistuarmory:netherite_shortsword":1,"create:weathered_limestone_cobblestone":3,"minecraft:pumpkin_seeds":2,"magistuarmory:chainmail_horse_armor":1,"minecraft:diamond_sword":1,"minecraft:stone":2,"minecraft:peony":1,"minecraft:diamond_pickaxe":1,"minecraft:oak_sapling":4,"minecraft:golden_sword":1,"magistuarmory:heavy_crossbow":1,"minecraft:bow":1,"minecraft:stone_pickaxe":3,"create:gabbro_cobblestone":4}},"DataVersion":2586}