{"stats":{"minecraft:killed":{"minecraft:cave_spider":1,"minecraft:zombified_piglin":5,"minecraft:witch":1,"minecraft:spider":9,"minecraft:wither":1,"minecraft:skeleton":7,"minecraft:chicken":5,"minecraft:magma_cube":19,"minecraft:piglin":17,"minecraft:pig":9,"minecraft:creeper":1,"minecraft:sheep":2,"minecraft:pillager":2,"minecraft:zombie":14,"minecraft:cow":6,"minecraft:blaze":42,"minecraft:phantom":1,"minecraft:hoglin":3,"minecraft:wither_skeleton":65,"minecraft:enderman":1},"minecraft:custom":{"minecraft:interact_with_crafting_table":8,"minecraft:bell_ring":1,"minecraft:leave_game":9,"minecraft:time_since_death":341938,"minecraft:damage_resisted":318,"minecraft:sprint_one_cm":684498,"minecraft:damage_blocked_by_shield":66,"minecraft:drop":358,"minecraft:talked_to_villager":11,"minecraft:deaths":2,"minecraft:jump":5580,"minecraft:walk_on_water_one_cm":92498,"minecraft:enchant_item":19,"minecraft:interact_with_furnace":7,"minecraft:traded_with_villager":11,"minecraft:play_one_minute":550520,"minecraft:sleep_in_bed":1,"minecraft:damage_dealt":30004,"minecraft:interact_with_beacon":2,"minecraft:player_kills":3,"minecraft:crouch_one_cm":56987,"minecraft:interact_with_smithing_table":3,"minecraft:mob_kills":222,"minecraft:interact_with_anvil":18,"minecraft:interact_with_campfire":23,"minecraft:damage_dealt_resisted":70,"minecraft:climb_one_cm":28554,"minecraft:walk_one_cm":1061277,"minecraft:damage_dealt_absorbed":160,"minecraft:sneak_time":24949,"minecraft:walk_under_water_one_cm":82256,"minecraft:interact_with_blast_furnace":14,"minecraft:time_since_rest":341972,"minecraft:damage_taken":3390,"minecraft:damage_absorbed":595,"minecraft:swim_one_cm":2403,"minecraft:fly_one_cm":2608701,"minecraft:open_chest":39,"minecraft:fall_one_cm":71827},"minecraft:picked_up":{"minecraft:potion":4,"minecraft:nether_brick":42,"minecraft:gilded_blackstone":8,"minecraft:string":27,"sophisticatedbackpacks:netherite_backpack":2,"minecraft:iron_boots":1,"minecraft:stick":2,"minecraft:porkchop":4,"minecraft:music_disc_pigstep":1,"minecraft:rotten_flesh":2,"minecraft:iron_block":1,"minecraft:chorus_flower":2,"minecraft:obsidian":17,"minecraft:cobblestone":6,"minecraft:cooked_beef":5,"minecraft:magma_cream":5,"minecraft:flint":2,"minecraft:dirt":16,"minecraft:bone":6,"minecraft:wheat_seeds":4,"minecraft:cooked_porkchop":26,"minecraft:sand":4,"minecraft:spectral_arrow":56,"minecraft:golden_apple":1,"minecraft:oak_sapling":3,"minecraft:netherrack":135,"minecraft:splash_potion":2,"minecraft:leather_leggings":1,"minecraft:gold_block":1,"minecraft:blackstone":33,"minecraft:iron_nugget":48,"minecraft:poppy":1,"minecraft:sugar_cane":12,"minecraft:chest":2,"sophisticatedbackpacks:backpack":3,"minecraft:fire_charge":4,"minecraft:arrow":3,"minecraft:gold_ingot":77,"minecraft:mutton":7,"minecraft:white_wool":2,"minecraft:bone_block":3,"minecraft:air":0,"minecraft:salmon":1,"minecraft:leather":22,"minecraft:oak_log":10,"minecraft:ancient_debris":3,"minecraft:cooked_mutton":5,"minecraft:iron_ingot":6,"minecraft:soul_sand":40,"minecraft:quartz":10,"minecraft:gravel":65,"minecraft:crying_obsidian":10,"minecraft:spider_eye":3,"minecraft:black_wool":1,"minecraft:ender_pearl":2},"minecraft:killed_by":{"minecraft:skeleton":1},"minecraft:mined":{"minecraft:obsidian":25,"minecraft:granite":4,"minecraft:grass_block":6,"minecraft:cracked_polished_blackstone_bricks":3,"minecraft:nether_wart":40,"minecraft:gilded_blackstone":2,"minecraft:spawner":1,"minecraft:polished_blackstone_bricks":4,"minecraft:weeping_vines_plant":1,"minecraft:iron_ore":93,"create:copper_ore":24,"minecraft:blackstone":83,"minecraft:soul_fire":2,"minecraft:melon":27,"minecraft:chest":24,"minecraft:nether_quartz_ore":25,"minecraft:cobblestone":8,"minecraft:sugar_cane":26,"minecraft:warped_nylium":1,"minecraft:nether_wart_block":1,"create:weathered_limestone":3,"minecraft:grass":8,"minecraft:oak_log":10,"create:gabbro":4,"minecraft:netherrack":755,"minecraft:ancient_debris":38,"minecraft:oak_leaves":1,"create:zinc_ore":19,"create:copper_backtank":1,"minecraft:diamond_ore":47,"minecraft:crying_obsidian":5,"create:natural_scoria":2,"minecraft:nether_bricks":9,"minecraft:crimson_roots":8,"minecraft:spruce_leaves":2,"minecraft:crimson_stem":31,"minecraft:large_fern":1,"minecraft:redstone_ore":16,"minecraft:carrots":16,"minecraft:heavy_weighted_pressure_plate":88,"minecraft:furnace":1,"minecraft:andesite":3,"minecraft:peony":1,"minecraft:gold_block":4,"minecraft:bookshelf":15,"minecraft:stone":214,"minecraft:lectern":1,"minecraft:tall_grass":1,"minecraft:lapis_ore":5,"minecraft:diorite":3,"minecraft:grass_path":1,"minecraft:bee_nest":1,"sophisticatedbackpacks:netherite_backpack":1,"minecraft:coal_ore":173,"minecraft:gravel":37,"minecraft:cobweb":4,"minecraft:gold_ore":20},"minecraft:crafted":{"minecraft:oak_planks":296,"minecraft:bookshelf":24,"minecraft:melon_seeds":3,"minecraft:diamond_axe":1,"minecraft:spruce_planks":12,"minecraft:wooden_pickaxe":1,"magistuarmory:netherite_flamebladedsword":1,"minecraft:diamond_pickaxe":1,"minecraft:stick":8,"minecraft:iron_ingot":93,"minecraft:iron_pickaxe":1,"minecraft:gold_ingot":83,"minecraft:netherite_ingot":5,"sophisticatedbackpacks:netherite_backpack":4,"magistuarmory:leather_strip":6,"minecraft:furnace":1,"magistuarmory:longbow":1,"minecraft:flint_and_steel":1,"magistuarmory:hilt":1,"minecraft:netherite_axe":1,"minecraft:netherite_scrap":38,"minecraft:netherite_pickaxe":1,"minecraft:enchanting_table":1,"minecraft:bucket":1,"minecraft:enchanted_book":1,"minecraft:air":0},"minecraft:used":{"minecraft:oak_sign":1,"minecraft:chest":49,"minecraft:stone":173,"minecraft:warped_sign":2,"minecraft:farmland":2,"create:oak_window":4,"minecraft:soul_campfire":3,"create:fluid_tank":45,"minecraft:soul_sand":4,"minecraft:mutton":1,"create:cogwheel":18,"minecraft:nether_bricks":22,"minecraft:carrot":113,"decorative_blocks:lattice":3,"create:speedometer":4,"minecraft:obsidian":17,"minecraft:lava_bucket":4,"minecraft:quartz_pillar":2,"minecraft:grass_block":309,"minecraft:netherite_hoe":114,"decorative_blocks:warped_beam":1,"minecraft:bow":26,"create:shaft":87,"minecraft:scaffolding":69,"minecraft:furnace":1,"minecraft:oak_sapling":1,"mcwfurnitures:oak_striped_chair":6,"minecraft:potato":20,"a_man_with_plushies:cc_green_knight_plush":1,"farmersdelight:hamburger":1,"minecraft:cow_spawn_egg":2,"farmersdelight:netherite_knife":2,"minecraft:wither_skeleton_skull":3,"farmersdelight:dog_food":3,"minecraft:stone_pickaxe":118,"minecraft:oak_planks":195,"minecraft:wooden_pickaxe":4,"minecraft:diamond_axe":75,"minecraft:sugar_cane":15,"create:copper_valve_handle":22,"minecraft:golden_hoe":2,"minecraft:sand":77,"minecraft:light_blue_wool":2,"create:ornate_iron_window":3,"minecraft:blast_furnace":3,"minecraft:sponge":3,"magistuarmory:longbow":31,"minecraft:pumpkin_seeds":17,"minecraft:birch_fence":1,"create:copper_backtank":1,"minecraft:bread":3,"minecraft:melon_slice":15,"create:potato_cannon":1,"minecraft:soul_lantern":1,"minecraft:grindstone":1,"minecraft:smithing_table":1,"minecraft:chain":13,"minecraft:pink_stained_glass":11,"minecraft:white_concrete":2,"create:vertical_gearbox":21,"minecraft:enchanting_table":1,"minecraft:flint_and_steel":2,"create:acacia_window_pane":5,"decorative_blocks:soul_chandelier":24,"minecraft:spruce_planks":1,"minecraft:wither_skeleton_spawn_egg":49,"mcwlights:white_paper_lamp":9,"mcwfurnitures:stripped_oak_desk":4,"a_man_with_plushies:freddy_fazbear_plush":1,"create:mechanical_pump":46,"minecraft:dirt":127,"minecraft:anvil":3,"decorative_blocks:soul_brazier":2,"minecraft:white_carpet":17,"magistuarmory:diamond_heavymace":3,"mcwfurnitures:stripped_oak_double_drawer":5,"minecraft:warped_door":2,"sophisticatedbackpacks:netherite_backpack":2,"create:overgrown_scoria":4,"minecraft:warped_pressure_plate":2,"create:spruce_window":5,"decorative_blocks:bar_panel":6,"create:warped_window":12,"minecraft:bookshelf":34,"create:gearbox":13,"create:wrench":76,"minecraft:iron_block":9,"create:brass_encased_shaft":2,"create:hose_pulley":13,"minecraft:crimson_planks":63,"create:creative_motor":37,"minecraft:melon_seeds":17,"magistuarmory:diamond_chainmorgenstern":16,"minecraft:glowstone":7,"minecraft:warped_stairs":2,"minecraft:lime_stained_glass":62,"magistuarmory:netherite_flamebladedsword":100,"minecraft:netherite_pickaxe":89,"create:fluid_pipe":164,"minecraft:crimson_pressure_plate":4,"minecraft:cooked_beef":1,"minecraft:enchanted_golden_apple":6,"create:fluid_valve":36,"minecraft:golden_axe":10,"create:gearshift":3,"minecraft:crimson_stem":27,"create:wand_of_symmetry":10,"minecraft:wheat_seeds":32,"create:handheld_worldshaper":30,"minecraft:water_bucket":135,"create:crimson_window":3,"minecraft:magenta_stained_glass":1,"a_man_with_plushies:crewmate_plush":1,"minecraft:beacon":2,"a_man_with_plushies:audino_plush":1,"minecraft:crafting_table":1,"minecraft:crimson_trapdoor":9,"magistuarmory:diamond_flamebladedsword":246,"minecraft:warped_planks":1,"minecraft:dark_oak_door":3,"a_man_with_plushies:peashooter_plush":1,"minecraft:diamond_pickaxe":1273,"decorative_blocks:chain":12,"minecraft:iron_pickaxe":250,"minecraft:netherite_axe":15,"create:water_wheel":11,"minecraft:jungle_stairs":1,"spartanshields:shield_tower_diamond":2,"minecraft:pink_bed":2,"minecraft:cobblestone":296,"minecraft:potion":4,"minecraft:porkchop":3,"minecraft:cooked_porkchop":12,"minecraft:bucket":35,"create:creative_fluid_tank":5,"create:hand_crank":1,"minecraft:gray_wool":22,"minecraft:jukebox":1,"minecraft:splash_potion":1},"minecraft:dropped":{"magistuarmory:barbedclub":1,"minecraft:diamond_axe":1,"magistuarmory:knight_boots":1,"magistuarmory:netherite_katzbalger":1,"minecraft:cooked_porkchop":11,"minecraft:leather":2,"minecraft:rail":4,"minecraft:dirt":38,"minecraft:cracked_polished_blackstone_bricks":3,"spartanshields:shield_botania_elementium":1,"minecraft:crimson_roots":8,"minecraft:phantom_membrane":1,"minecraft:polished_blackstone_bricks":4,"minecraft:gold_ingot":168,"minecraft:bone":2,"minecraft:gravel":73,"minecraft:dark_oak_door":1,"minecraft:golden_chestplate":1,"minecraft:enchanted_golden_apple":18,"minecraft:carrot":1,"minecraft:poppy":2,"magistuarmory:knight_chestplate":1,"minecraft:scaffolding":40,"minecraft:lectern":1,"magistuarmory:netherite_lucernhammer":1,"minecraft:egg":1,"minecraft:wheat_seeds":3767,"minecraft:chorus_flower":2,"minecraft:cobblestone":82,"minecraft:granite":4,"magistuarmory:armet":1,"create:handheld_worldshaper":2,"minecraft:diorite":3,"minecraft:torch":1,"minecraft:nether_wart_block":1,"minecraft:cooked_salmon":4,"minecraft:potion":1,"minecraft:spruce_sapling":7,"magistuarmory:diamond_chainmorgenstern":1,"magistuarmory:diamond_zweihander":1,"minecraft:dandelion":1,"magistuarmory:knight_leggings":1,"minecraft:stone_sword":1,"sophisticatedbackpacks:backpack":3,"magistuarmory:netherite_shortsword":1,"create:weathered_limestone_cobblestone":3,"minecraft:pumpkin_seeds":2,"magistuarmory:chainmail_horse_armor":1,"minecraft:diamond_sword":1,"minecraft:stone":2,"minecraft:peony":1,"minecraft:diamond_pickaxe":1,"minecraft:oak_sapling":4,"minecraft:golden_sword":1,"magistuarmory:heavy_crossbow":1,"minecraft:bow":1,"minecraft:stone_pickaxe":3,"create:gabbro_cobblestone":4},"minecraft:broken":{"minecraft:iron_pickaxe":1}},"DataVersion":2586}