{"stats":{"minecraft:broken":{"minecraft:iron_pickaxe":1},"minecraft:crafted":{"minecraft:oak_planks":296,"minecraft:furnace":1,"minecraft:bookshelf":24,"minecraft:flint_and_steel":1,"minecraft:diamond_axe":1,"minecraft:spruce_planks":12,"minecraft:enchanting_table":1,"minecraft:wooden_pickaxe":1,"minecraft:bucket":1,"minecraft:enchanted_book":1,"minecraft:air":0,"minecraft:diamond_pickaxe":1,"minecraft:stick":8,"minecraft:iron_pickaxe":1,"minecraft:iron_ingot":13,"minecraft:gold_ingot":83,"sophisticatedbackpacks:netherite_backpack":4},"minecraft:mined":{"create:zinc_ore":19,"minecraft:diamond_ore":47,"minecraft:crying_obsidian":5,"minecraft:obsidian":25,"create:natural_scoria":2,"minecraft:nether_bricks":8,"minecraft:granite":4,"minecraft:grass_block":6,"minecraft:crimson_roots":8,"minecraft:cracked_polished_blackstone_bricks":3,"minecraft:spruce_leaves":2,"minecraft:nether_wart":40,"minecraft:gilded_blackstone":2,"minecraft:crimson_stem":31,"minecraft:spawner":1,"minecraft:large_fern":1,"minecraft:polished_blackstone_bricks":4,"minecraft:weeping_vines_plant":1,"minecraft:redstone_ore":16,"minecraft:furnace":1,"minecraft:carrots":16,"minecraft:iron_ore":93,"minecraft:andesite":3,"create:copper_ore":24,"minecraft:peony":1,"minecraft:gold_block":4,"minecraft:bookshelf":15,"minecraft:stone":214,"minecraft:blackstone":57,"minecraft:soul_fire":2,"minecraft:melon":12,"minecraft:chest":23,"minecraft:lectern":1,"minecraft:nether_quartz_ore":1,"minecraft:tall_grass":1,"minecraft:cobblestone":2,"minecraft:lapis_ore":5,"minecraft:sugar_cane":26,"minecraft:diorite":3,"minecraft:nether_wart_block":1,"minecraft:bee_nest":1,"minecraft:grass_path":1,"create:weathered_limestone":3,"minecraft:grass":8,"minecraft:coal_ore":173,"minecraft:oak_log":10,"create:gabbro":4,"minecraft:gravel":13,"minecraft:cobweb":4,"minecraft:netherrack":6,"minecraft:gold_ore":20,"minecraft:oak_leaves":1},"minecraft:custom":{"minecraft:mob_kills":107,"minecraft:interact_with_anvil":5,"minecraft:interact_with_crafting_table":6,"minecraft:interact_with_campfire":23,"minecraft:bell_ring":1,"minecraft:damage_dealt_resisted":70,"minecraft:leave_game":4,"minecraft:time_since_death":129607,"minecraft:climb_one_cm":21265,"minecraft:damage_resisted":66,"minecraft:sprint_one_cm":474458,"minecraft:walk_one_cm":718013,"minecraft:damage_blocked_by_shield":66,"minecraft:drop":347,"minecraft:damage_dealt_absorbed":90,"minecraft:talked_to_villager":11,"minecraft:deaths":2,"minecraft:sneak_time":15422,"minecraft:walk_under_water_one_cm":24928,"minecraft:jump":3704,"minecraft:interact_with_blast_furnace":6,"minecraft:walk_on_water_one_cm":37022,"minecraft:enchant_item":18,"minecraft:interact_with_furnace":7,"minecraft:traded_with_villager":11,"minecraft:play_one_minute":338189,"minecraft:sleep_in_bed":1,"minecraft:time_since_rest":129641,"minecraft:damage_taken":2756,"minecraft:damage_absorbed":163,"minecraft:damage_dealt":13510,"minecraft:interact_with_beacon":2,"minecraft:swim_one_cm":173,"minecraft:fly_one_cm":1731844,"minecraft:player_kills":2,"minecraft:open_chest":3,"minecraft:crouch_one_cm":38312,"minecraft:fall_one_cm":57933},"minecraft:used":{"minecraft:enchanting_table":1,"minecraft:flint_and_steel":2,"decorative_blocks:soul_chandelier":24,"minecraft:chest":49,"minecraft:spruce_planks":1,"minecraft:stone":173,"minecraft:warped_sign":2,"minecraft:soul_campfire":3,"mcwfurnitures:stripped_oak_desk":4,"minecraft:dirt":127,"minecraft:mutton":1,"minecraft:anvil":3,"decorative_blocks:soul_brazier":2,"minecraft:carrot":112,"magistuarmory:diamond_heavymace":3,"minecraft:warped_door":2,"mcwfurnitures:stripped_oak_double_drawer":5,"sophisticatedbackpacks:netherite_backpack":2,"decorative_blocks:lattice":3,"minecraft:warped_pressure_plate":2,"minecraft:obsidian":17,"decorative_blocks:bar_panel":6,"minecraft:lava_bucket":4,"minecraft:bookshelf":34,"minecraft:quartz_pillar":2,"minecraft:iron_block":9,"minecraft:grass_block":309,"minecraft:netherite_hoe":113,"minecraft:crimson_planks":60,"minecraft:melon_seeds":16,"magistuarmory:diamond_chainmorgenstern":16,"decorative_blocks:warped_beam":1,"minecraft:glowstone":7,"minecraft:bow":26,"minecraft:warped_stairs":2,"minecraft:scaffolding":69,"minecraft:lime_stained_glass":33,"minecraft:furnace":1,"minecraft:oak_sapling":1,"mcwfurnitures:oak_striped_chair":6,"minecraft:crimson_pressure_plate":4,"minecraft:potato":19,"minecraft:enchanted_golden_apple":2,"minecraft:golden_axe":10,"minecraft:crimson_stem":27,"minecraft:wheat_seeds":30,"create:handheld_worldshaper":30,"minecraft:water_bucket":108,"minecraft:stone_pickaxe":118,"minecraft:oak_planks":175,"minecraft:wooden_pickaxe":4,"minecraft:magenta_stained_glass":1,"minecraft:beacon":2,"minecraft:diamond_axe":74,"minecraft:sugar_cane":15,"minecraft:golden_hoe":2,"minecraft:crafting_table":1,"minecraft:light_blue_wool":2,"minecraft:blast_furnace":3,"magistuarmory:diamond_flamebladedsword":155,"minecraft:warped_planks":1,"minecraft:pumpkin_seeds":17,"minecraft:dark_oak_door":3,"minecraft:diamond_pickaxe":404,"decorative_blocks:chain":12,"minecraft:melon_slice":15,"minecraft:bread":3,"minecraft:iron_pickaxe":250,"spartanshields:shield_tower_diamond":2,"minecraft:soul_lantern":1,"minecraft:pink_bed":2,"minecraft:cobblestone":99,"minecraft:potion":4,"minecraft:cooked_porkchop":5,"minecraft:porkchop":3,"minecraft:grindstone":1,"minecraft:smithing_table":1,"minecraft:bucket":16,"minecraft:chain":13,"minecraft:pink_stained_glass":11,"minecraft:splash_potion":1,"minecraft:jukebox":1},"minecraft:dropped":{"magistuarmory:barbedclub":1,"minecraft:wheat_seeds":3767,"minecraft:diamond_axe":1,"magistuarmory:knight_boots":1,"minecraft:chorus_flower":2,"magistuarmory:netherite_katzbalger":1,"minecraft:cooked_porkchop":11,"minecraft:leather":2,"minecraft:granite":4,"magistuarmory:armet":1,"minecraft:rail":4,"minecraft:dirt":16,"create:handheld_worldshaper":2,"spartanshields:shield_botania_elementium":1,"minecraft:diorite":3,"minecraft:torch":1,"minecraft:crimson_roots":8,"minecraft:nether_wart_block":1,"minecraft:cooked_salmon":4,"minecraft:potion":1,"minecraft:phantom_membrane":1,"magistuarmory:diamond_chainmorgenstern":1,"magistuarmory:diamond_zweihander":1,"minecraft:gold_ingot":168,"minecraft:dandelion":1,"minecraft:bone":2,"minecraft:gravel":12,"minecraft:dark_oak_door":1,"magistuarmory:knight_leggings":1,"minecraft:golden_chestplate":1,"minecraft:stone_sword":1,"minecraft:enchanted_golden_apple":18,"sophisticatedbackpacks:backpack":1,"magistuarmory:netherite_shortsword":1,"create:weathered_limestone_cobblestone":3,"minecraft:carrot":1,"minecraft:pumpkin_seeds":2,"magistuarmory:chainmail_horse_armor":1,"minecraft:diamond_sword":1,"minecraft:poppy":2,"magistuarmory:knight_chestplate":1,"minecraft:peony":1,"minecraft:diamond_pickaxe":1,"minecraft:oak_sapling":4,"minecraft:golden_sword":1,"magistuarmory:heavy_crossbow":1,"minecraft:bow":1,"minecraft:stone_pickaxe":3,"minecraft:scaffolding":40,"create:gabbro_cobblestone":4,"minecraft:lectern":1,"magistuarmory:netherite_lucernhammer":1,"minecraft:egg":1},"minecraft:killed":{"minecraft:cave_spider":1,"minecraft:zombified_piglin":5,"minecraft:witch":1,"minecraft:spider":9,"minecraft:phantom":1,"minecraft:skeleton":6,"minecraft:chicken":5,"minecraft:magma_cube":1,"minecraft:piglin":17,"minecraft:pig":9,"minecraft:hoglin":3,"minecraft:sheep":2,"minecraft:pillager":2,"minecraft:zombie":13,"minecraft:wither_skeleton":13,"minecraft:blaze":4,"minecraft:cow":4},"minecraft:picked_up":{"minecraft:splash_potion":2,"minecraft:leather_leggings":1,"minecraft:gold_block":1,"minecraft:potion":4,"minecraft:gilded_blackstone":8,"minecraft:nether_brick":42,"minecraft:string":27,"minecraft:blackstone":33,"minecraft:iron_nugget":48,"minecraft:poppy":1,"minecraft:sugar_cane":12,"minecraft:chest":2,"minecraft:iron_boots":1,"minecraft:stick":2,"minecraft:fire_charge":4,"minecraft:porkchop":4,"minecraft:music_disc_pigstep":1,"minecraft:arrow":3,"minecraft:rotten_flesh":2,"minecraft:iron_block":1,"minecraft:gold_ingot":77,"minecraft:chorus_flower":2,"minecraft:bone_block":3,"minecraft:obsidian":17,"minecraft:mutton":7,"minecraft:white_wool":2,"minecraft:cobblestone":6,"minecraft:air":0,"minecraft:cooked_beef":5,"minecraft:magma_cream":5,"minecraft:salmon":1,"minecraft:leather":22,"minecraft:oak_log":10,"minecraft:dirt":16,"minecraft:cooked_mutton":5,"minecraft:bone":6,"minecraft:wheat_seeds":4,"minecraft:iron_ingot":6,"minecraft:soul_sand":40,"minecraft:cooked_porkchop":26,"minecraft:quartz":10,"minecraft:gravel":61,"minecraft:sand":4,"minecraft:crying_obsidian":10,"minecraft:spectral_arrow":56,"minecraft:spider_eye":3,"minecraft:golden_apple":1,"minecraft:oak_sapling":3,"minecraft:black_wool":1,"minecraft:ender_pearl":2},"minecraft:killed_by":{"minecraft:skeleton":1}},"DataVersion":2586}