{"stats":{"minecraft:killed_by":{"minecraft:player":2},"minecraft:picked_up":{"minecraft:seagrass":1,"minecraft:birch_door":1,"minecraft:azure_bluet":3,"magistuarmory:barbedclub":1,"minecraft:flower_pot":1,"create:oak_window_pane":1,"create:metal_bracket":1,"minecraft:diamond_sword":1,"mcwfurnitures:spruce_modern_chair":1,"create:wrench":1,"mcwfurnitures:oak_counter":1,"create:handheld_worldshaper":1,"minecraft:birch_button":1,"minecraft:heavy_weighted_pressure_plate":1,"create:fluid_pipe":1,"minecraft:acacia_door":1,"create:water_wheel":1,"mcwfurnitures:stripped_dark_oak_coffee_table":1,"create:chute":1,"minecraft:shroomlight":1,"minecraft:blue_orchid":1,"minecraft:glass_pane":1,"minecraft:sea_pickle":9,"minecraft:white_tulip":1,"minecraft:quartz_stairs":2,"minecraft:coal_block":1,"minecraft:spruce_trapdoor":3,"minecraft:dark_oak_door":1,"minecraft:black_stained_glass":2,"mcwfurnitures:spruce_desk":1,"minecraft:jungle_door":1,"minecraft:composter":2,"minecraft:torch":1,"minecraft:snow_block":3,"mcwfurnitures:spruce_covered_desk":1,"create:copper_backtank":1,"minecraft:redstone":1,"minecraft:dark_oak_planks":1,"minecraft:brown_carpet":2,"create:vertical_framed_glass":1,"create:large_cogwheel":1,"decorative_blocks:lattice":1,"minecraft:quartz_block":1,"minecraft:nether_gold_ore":1,"magistuarmory:heavy_crossbow":1,"minecraft:arrow":3,"minecraft:honey_bottle":1,"create:dark_oak_window_pane":2,"minecraft:tropical_fish":6,"mcwfurnitures:oak_double_wardrobe":1,"minecraft:red_tulip":2,"minecraft:pink_tulip":1,"minecraft:glowstone":1,"mcwfurnitures:acacia_double_wardrobe":1,"minecraft:iron_bars":2,"minecraft:oxeye_daisy":2,"minecraft:polished_diorite_slab":1,"mcwfurnitures:dark_oak_double_wardrobe":1,"minecraft:iron_door":1,"minecraft:water_bucket":1,"create:oak_window":1,"decorative_blocks:brazier":1,"minecraft:dirt":3,"minecraft:lantern":2,"mcwfurnitures:oak_bookshelf_cupboard":1,"minecraft:stone_bricks":2,"minecraft:wheat_seeds":19,"minecraft:rabbit_hide":2,"create:dark_oak_window":1,"minecraft:tall_grass":1,"minecraft:mossy_stone_bricks":1,"minecraft:rabbit":1,"create:hose_pulley":1,"create:attribute_filter":1,"mcwfurnitures:spruce_striped_chair":1,"create:cogwheel":1,"minecraft:gravel":1,"minecraft:black_stained_glass_pane":1,"minecraft:sand":3,"mcwfurnitures:spruce_glass_table":1,"minecraft:grass_block":1,"minecraft:dark_oak_fence_gate":1,"minecraft:green_carpet":1,"minecraft:spider_eye":1,"minecraft:sea_lantern":1,"minecraft:polished_diorite_stairs":1,"magistuarmory:tin_katzbalger":1,"create:creative_motor":1,"minecraft:dark_prismarine_slab":1,"create:filter":1,"minecraft:campfire":1,"mcwfurnitures:spruce_bookshelf":1,"minecraft:soul_lantern":1,"create:smart_chute":1,"create:mechanical_pump":1,"minecraft:diamond_axe":2,"minecraft:painting":1,"mcwfurnitures:jungle_modern_desk":1,"minecraft:dark_oak_fence":1,"minecraft:bricks":1,"minecraft:diamond_pickaxe":1},"minecraft:dropped":{"minecraft:water_bucket":1,"magistuarmory:barbedclub":1,"minecraft:vine":1,"create:attribute_filter":1,"minecraft:diamond_axe":2,"minecraft:cobblestone":1,"minecraft:dark_prismarine_slab":1,"mcwfurnitures:spruce_modern_chair":1,"mcwfurnitures:acacia_double_wardrobe":1,"create:cogwheel":1,"create:chute":1,"create:filter":1,"mcwfurnitures:spruce_bookshelf":1,"create:vertical_framed_glass":1,"create:hose_pulley":1,"minecraft:grass_block":1,"minecraft:coal_block":1,"minecraft:item_frame":1,"minecraft:oxeye_daisy":2,"minecraft:dirt":3,"create:handheld_worldshaper":1,"minecraft:polished_diorite_stairs":1,"create:fluid_pipe":1,"minecraft:nether_gold_ore":1,"create:oak_window":1,"minecraft:torch":1,"minecraft:dark_oak_fence":1,"minecraft:black_stained_glass_pane":1,"decorative_blocks:lattice":2,"create:copper_backtank":1,"mcwfurnitures:spruce_striped_chair":1,"minecraft:rabbit":1,"minecraft:smooth_quartz":1,"minecraft:iron_door":1,"minecraft:jungle_door":1,"minecraft:green_carpet":1,"magistuarmory:tin_katzbalger":1,"minecraft:sand":3,"create:metal_bracket":1,"create:large_cogwheel":1,"minecraft:acacia_door":1,"minecraft:dark_oak_planks":1,"mcwfurnitures:dark_oak_double_wardrobe":1,"minecraft:black_stained_glass":2,"minecraft:redstone":1,"create:dark_oak_window":1,"minecraft:pink_tulip":1,"minecraft:snow_block":3,"minecraft:gravel":1,"minecraft:dark_oak_door":2,"minecraft:white_tulip":1,"minecraft:bricks":1,"create:dark_oak_window_pane":2,"mcwfurnitures:stripped_dark_oak_coffee_table":1,"create:shaft":1,"create:oak_window_pane":1,"minecraft:polished_diorite_slab":1,"minecraft:soul_lantern":1,"minecraft:composter":2,"minecraft:tall_grass":2,"create:smart_chute":1,"mcwfurnitures:oak_counter":1,"mcwfurnitures:spruce_desk":1,"create:mechanical_pump":1,"minecraft:azure_bluet":3,"mcwfurnitures:spruce_covered_desk":1,"minecraft:dark_oak_fence_gate":1,"minecraft:glass_pane":1,"mcwfurnitures:spruce_glass_table":1,"minecraft:diamond_sword":2,"minecraft:poppy":1,"minecraft:rabbit_hide":1,"minecraft:sea_lantern":1,"minecraft:shroomlight":1,"minecraft:flower_pot":1,"minecraft:heavy_weighted_pressure_plate":1,"minecraft:spruce_trapdoor":3,"minecraft:diamond_pickaxe":1,"minecraft:quartz_block":1,"minecraft:quartz_stairs":2,"minecraft:glowstone":1,"create:wrench":1,"mcwfurnitures:jungle_modern_desk":1,"minecraft:birch_door":2,"create:wand_of_symmetry":1,"minecraft:stone_bricks":2,"magistuarmory:heavy_crossbow":1,"minecraft:brown_carpet":2,"minecraft:painting":1,"decorative_blocks:brazier":1,"minecraft:blue_orchid":1,"minecraft:birch_button":1,"minecraft:iron_bars":2,"minecraft:arrow":1,"minecraft:campfire":1,"create:water_wheel":1,"minecraft:red_tulip":2,"mcwfurnitures:oak_bookshelf_cupboard":1,"mcwfurnitures:oak_double_wardrobe":1},"minecraft:used":{"create:natural_scoria":18,"minecraft:iron_bars":33,"minecraft:rose_bush":1,"mcwfurnitures:oak_wardrobe":6,"minecraft:white_tulip":1,"mcwfurnitures:spruce_glass_table":5,"minecraft:redstone":4,"minecraft:poppy":1,"create:oak_window_pane":24,"mcwfurnitures:oak_counter":4,"minecraft:stone":2,"mcwfurnitures:oak_double_wardrobe":4,"mcwfurnitures:acacia_double_wardrobe":6,"minecraft:quartz_stairs":22,"create:oak_window":3,"mcwfurnitures:spruce_desk":9,"minecraft:lily_of_the_valley":2,"minecraft:dirt":22,"minecraft:torch":12,"create:mechanical_pump":7,"mcwfurnitures:stripped_dark_oak_coffee_table":3,"create:cogwheel":6,"create:attribute_filter":3,"mcwfurnitures:jungle_modern_desk":1,"mcwfurnitures:oak_bookshelf_cupboard":10,"magistuarmory:steel_pavese":1,"create:framed_glass_pane":27,"decorative_blocks:lattice":13,"minecraft:azure_bluet":3,"create:smart_chute":2,"create:chute":3,"minecraft:shroomlight":18,"minecraft:birch_door":3,"decorative_blocks:bar_panel":4,"minecraft:dark_oak_planks":9,"create:gearbox":1,"minecraft:black_stained_glass_pane":14,"minecraft:sea_lantern":1,"minecraft:grass_block":152,"minecraft:quartz_block":1,"minecraft:red_tulip":4,"minecraft:bricks":128,"create:dark_oak_window_pane":4,"minecraft:iron_block":333,"create:wrench":59,"minecraft:lantern":58,"minecraft:blue_orchid":4,"create:metal_bracket":6,"create:hose_pulley":5,"create:vertical_framed_glass":3,"minecraft:smooth_quartz":2582,"mcwfurnitures:spruce_striped_chair":19,"minecraft:birch_button":3,"minecraft:glowstone":15,"create:creative_motor":9,"minecraft:stone_bricks":154,"minecraft:item_frame":5,"minecraft:bedrock":2,"minecraft:brown_carpet":42,"minecraft:black_stained_glass":16,"minecraft:tall_grass":1,"create:shaft":7,"magistuarmory:heavy_crossbow":4,"create:fluid_pipe":51,"minecraft:polished_diorite_stairs":4,"create:fluid_valve":13,"create:wand_of_symmetry":1,"minecraft:water_bucket":13,"minecraft:pink_tulip":1,"minecraft:snow_block":7,"minecraft:composter":6,"mcwfurnitures:spruce_modern_chair":8,"create:copper_valve_handle":4,"mcwfurnitures:spruce_bookshelf":4,"minecraft:vine":21,"create:encased_fan":9,"minecraft:dark_prismarine_slab":2,"minecraft:campfire":11,"minecraft:dark_oak_fence_gate":2,"create:filter":2,"minecraft:dark_oak_door":6,"minecraft:nether_gold_ore":9,"minecraft:flower_pot":2,"minecraft:oxeye_daisy":4,"minecraft:diamond_pickaxe":5,"create:copper_backtank":7,"minecraft:acacia_door":3,"minecraft:heavy_weighted_pressure_plate":9,"create:overgrown_diorite":22,"minecraft:spruce_trapdoor":36,"create:water_wheel":12,"mcwfurnitures:spruce_covered_desk":1,"minecraft:iron_door":3,"minecraft:gravel":16,"minecraft:soul_lantern":5,"minecraft:diamond_sword":12,"minecraft:green_carpet":7,"minecraft:coal_block":2,"minecraft:cobblestone":7,"minecraft:dark_oak_fence":10,"minecraft:jungle_door":1,"minecraft:glass_pane":102,"decorative_blocks:brazier":4,"create:dark_oak_window":26,"create:large_cogwheel":7},"minecraft:killed":{"minecraft:spider":1,"minecraft:skeleton":1,"minecraft:turtle":1,"minecraft:pig":1,"minecraft:rabbit":1},"minecraft:custom":{"minecraft:mob_kills":5,"minecraft:bell_ring":14,"minecraft:leave_game":6,"minecraft:time_since_death":166060,"minecraft:climb_one_cm":9124,"minecraft:sprint_one_cm":69469,"minecraft:walk_one_cm":1110676,"minecraft:drop":121,"minecraft:deaths":13,"minecraft:sneak_time":980,"minecraft:walk_under_water_one_cm":107948,"minecraft:jump":903,"minecraft:interact_with_brewingstand":1,"minecraft:walk_on_water_one_cm":33222,"minecraft:play_one_minute":487400,"minecraft:pot_flower":2,"minecraft:time_since_rest":166179,"minecraft:damage_taken":2311,"minecraft:damage_dealt":629,"minecraft:swim_one_cm":684,"minecraft:fly_one_cm":604698,"minecraft:open_chest":1,"minecraft:crouch_one_cm":909,"minecraft:fall_one_cm":6837}},"DataVersion":2586}