{"stats":{"minecraft:picked_up":{"minecraft:birch_log":59,"minecraft:air":0,"minecraft:water_bucket":1,"minecraft:andesite":42,"minecraft:diamond_sword":1,"minecraft:birch_planks":11,"minecraft:potion":2,"minecraft:oak_log":35,"minecraft:cobblestone_stairs":7,"minecraft:dirt":198,"minecraft:bow":1,"minecraft:diamond_leggings":1,"minecraft:wheat_seeds":1,"minecraft:iron_ore":13,"minecraft:poppy":1,"minecraft:diamond_helmet":1,"minecraft:sugar_cane":1,"minecraft:oak_planks":46,"minecraft:soul_sand":1,"minecraft:egg":1,"minecraft:stick":2,"minecraft:cooked_porkchop":9,"minecraft:torch":8,"sophisticatedbackpacks:backpack":1,"sophisticatedbackpacks:iron_backpack":1,"minecraft:diorite":8,"minecraft:carrot":64,"minecraft:diamond_chestplate":1,"minecraft:arrow":64,"minecraft:rotten_flesh":2,"minecraft:stone_shovel":1,"minecraft:stone_axe":1,"minecraft:diamond_boots":1,"minecraft:granite":3,"minecraft:coal":28,"minecraft:cobblestone":383},"minecraft:killed":{"minecraft:zombie":1},"minecraft:mined":{"minecraft:cobblestone_stairs":7,"minecraft:torch":4,"minecraft:granite":3,"minecraft:grass_block":5,"minecraft:tall_grass":1,"minecraft:oak_planks":46,"minecraft:diorite":9,"minecraft:wall_torch":1,"minecraft:birch_planks":11,"minecraft:birch_log":46,"minecraft:iron_ore":13,"minecraft:andesite":42,"minecraft:birch_leaves":2,"minecraft:grass":3,"minecraft:oak_log":37,"minecraft:coal_ore":28,"minecraft:dirt":123,"minecraft:stone":390,"minecraft:oak_leaves":1},"minecraft:broken":{"minecraft:stone_pickaxe":4,"minecraft:stone_axe":1},"minecraft:used":{"minecraft:cobblestone_stairs":15,"minecraft:birch_planks":142,"minecraft:stone_shovel":28,"minecraft:stone_pickaxe":562,"minecraft:oak_planks":60,"minecraft:torch":12,"minecraft:dirt":64,"minecraft:crafting_table":1,"minecraft:stone_axe":152,"minecraft:diamond_sword":3,"minecraft:potion":1,"minecraft:bow":22,"minecraft:cooked_porkchop":1,"minecraft:andesite":14},"minecraft:crafted":{"minecraft:oak_planks":64,"minecraft:crafting_table":1,"minecraft:polished_andesite_stairs":4,"minecraft:furnace":1,"minecraft:cobblestone_stairs":16,"minecraft:birch_planks":236,"minecraft:stone_axe":2,"minecraft:polished_diorite":4,"minecraft:stick":52,"minecraft:stone_pickaxe":5,"minecraft:chest":1,"minecraft:birch_door":3,"minecraft:torch":32,"minecraft:birch_stairs":12,"minecraft:granite_slab":6,"minecraft:polished_andesite":8},"minecraft:custom":{"minecraft:interact_with_furnace":1,"minecraft:interact_with_anvil":1,"minecraft:mob_kills":1,"minecraft:interact_with_crafting_table":6,"minecraft:play_one_minute":101102,"minecraft:leave_game":4,"minecraft:time_since_death":101102,"minecraft:sleep_in_bed":1,"minecraft:climb_one_cm":4385,"minecraft:time_since_rest":79351,"minecraft:sprint_one_cm":1238,"minecraft:damage_taken":175,"minecraft:walk_one_cm":482446,"minecraft:damage_dealt":234,"minecraft:fly_one_cm":892,"minecraft:open_chest":18,"minecraft:crouch_one_cm":89,"minecraft:sneak_time":61,"minecraft:walk_under_water_one_cm":5775,"minecraft:jump":425,"minecraft:interact_with_blast_furnace":2,"minecraft:walk_on_water_one_cm":5462,"minecraft:interact_with_smoker":1,"minecraft:fall_one_cm":2799}},"DataVersion":2586}