{"stats":{"minecraft:custom":{"minecraft:mob_kills":3,"minecraft:bell_ring":14,"minecraft:leave_game":2,"minecraft:time_since_death":180611,"minecraft:climb_one_cm":9124,"minecraft:sprint_one_cm":65718,"minecraft:walk_one_cm":866724,"minecraft:drop":90,"minecraft:deaths":12,"minecraft:sneak_time":889,"minecraft:walk_under_water_one_cm":50394,"minecraft:jump":626,"minecraft:interact_with_brewingstand":1,"minecraft:walk_on_water_one_cm":19838,"minecraft:play_one_minute":320461,"minecraft:pot_flower":2,"minecraft:time_since_rest":180733,"minecraft:damage_taken":2078,"minecraft:damage_dealt":499,"minecraft:swim_one_cm":549,"minecraft:fly_one_cm":548472,"minecraft:open_chest":1,"minecraft:crouch_one_cm":850,"minecraft:fall_one_cm":6837},"minecraft:used":{"create:natural_scoria":18,"mcwfurnitures:oak_wardrobe":6,"minecraft:rose_bush":1,"minecraft:iron_bars":26,"minecraft:white_tulip":1,"mcwfurnitures:spruce_glass_table":5,"minecraft:redstone":4,"minecraft:poppy":1,"create:oak_window_pane":24,"mcwfurnitures:oak_counter":4,"minecraft:stone":2,"mcwfurnitures:oak_double_wardrobe":4,"mcwfurnitures:acacia_double_wardrobe":6,"minecraft:quartz_stairs":22,"create:oak_window":3,"mcwfurnitures:spruce_desk":9,"minecraft:torch":12,"minecraft:dirt":22,"mcwfurnitures:stripped_dark_oak_coffee_table":3,"minecraft:lily_of_the_valley":2,"create:cogwheel":4,"mcwfurnitures:jungle_modern_desk":1,"mcwfurnitures:oak_bookshelf_cupboard":10,"decorative_blocks:lattice":2,"minecraft:azure_bluet":3,"create:framed_glass_pane":27,"create:smart_chute":2,"minecraft:shroomlight":18,"minecraft:birch_door":2,"decorative_blocks:bar_panel":2,"minecraft:dark_oak_planks":9,"minecraft:sea_lantern":1,"minecraft:bricks":128,"minecraft:red_tulip":4,"create:dark_oak_window_pane":3,"minecraft:lantern":51,"minecraft:iron_block":333,"minecraft:blue_orchid":4,"minecraft:quartz_block":1,"create:vertical_framed_glass":3,"minecraft:smooth_quartz":2164,"mcwfurnitures:spruce_striped_chair":19,"minecraft:stone_bricks":144,"minecraft:item_frame":5,"minecraft:bedrock":2,"minecraft:birch_button":3,"minecraft:glowstone":15,"minecraft:brown_carpet":42,"minecraft:tall_grass":1,"magistuarmory:heavy_crossbow":4,"create:fluid_pipe":1,"minecraft:polished_diorite_stairs":4,"minecraft:water_bucket":13,"minecraft:pink_tulip":1,"minecraft:snow_block":7,"minecraft:composter":4,"mcwfurnitures:spruce_modern_chair":8,"create:copper_valve_handle":3,"mcwfurnitures:spruce_bookshelf":4,"minecraft:vine":21,"minecraft:dark_prismarine_slab":2,"minecraft:campfire":11,"minecraft:dark_oak_fence_gate":2,"minecraft:dark_oak_door":6,"minecraft:nether_gold_ore":9,"minecraft:flower_pot":2,"minecraft:diamond_pickaxe":5,"minecraft:oxeye_daisy":4,"minecraft:heavy_weighted_pressure_plate":9,"create:overgrown_diorite":22,"mcwfurnitures:spruce_covered_desk":1,"minecraft:spruce_trapdoor":36,"minecraft:gravel":16,"minecraft:soul_lantern":5,"minecraft:green_carpet":7,"minecraft:diamond_sword":12,"minecraft:cobblestone":7,"minecraft:dark_oak_fence":10,"minecraft:glass_pane":63,"decorative_blocks:brazier":4,"create:dark_oak_window":26},"minecraft:dropped":{"minecraft:water_bucket":1,"magistuarmory:barbedclub":1,"minecraft:vine":1,"minecraft:diamond_axe":2,"minecraft:dark_prismarine_slab":1,"mcwfurnitures:acacia_double_wardrobe":1,"mcwfurnitures:spruce_modern_chair":1,"minecraft:cobblestone":1,"mcwfurnitures:spruce_bookshelf":1,"create:vertical_framed_glass":1,"minecraft:item_frame":1,"minecraft:oxeye_daisy":1,"minecraft:dirt":3,"minecraft:polished_diorite_stairs":1,"minecraft:nether_gold_ore":1,"create:oak_window":1,"minecraft:dark_oak_fence":1,"minecraft:torch":1,"decorative_blocks:lattice":1,"mcwfurnitures:spruce_striped_chair":1,"minecraft:rabbit":1,"minecraft:green_carpet":1,"magistuarmory:tin_katzbalger":1,"minecraft:sand":3,"minecraft:dark_oak_planks":1,"mcwfurnitures:dark_oak_double_wardrobe":1,"minecraft:redstone":1,"create:dark_oak_window":1,"minecraft:pink_tulip":1,"minecraft:snow_block":3,"minecraft:gravel":1,"minecraft:dark_oak_door":2,"minecraft:white_tulip":1,"minecraft:bricks":1,"create:dark_oak_window_pane":1,"mcwfurnitures:stripped_dark_oak_coffee_table":1,"create:oak_window_pane":1,"minecraft:polished_diorite_slab":1,"minecraft:soul_lantern":1,"minecraft:composter":1,"minecraft:tall_grass":2,"mcwfurnitures:oak_counter":1,"mcwfurnitures:spruce_desk":1,"minecraft:azure_bluet":3,"mcwfurnitures:spruce_covered_desk":1,"minecraft:dark_oak_fence_gate":1,"minecraft:glass_pane":1,"mcwfurnitures:spruce_glass_table":1,"minecraft:diamond_sword":2,"minecraft:poppy":1,"minecraft:rabbit_hide":1,"minecraft:sea_lantern":1,"minecraft:shroomlight":1,"minecraft:flower_pot":1,"minecraft:heavy_weighted_pressure_plate":1,"minecraft:spruce_trapdoor":3,"minecraft:diamond_pickaxe":1,"minecraft:quartz_block":1,"minecraft:quartz_stairs":2,"minecraft:glowstone":1,"mcwfurnitures:jungle_modern_desk":1,"minecraft:birch_door":1,"minecraft:stone_bricks":1,"magistuarmory:heavy_crossbow":1,"minecraft:brown_carpet":2,"minecraft:painting":1,"decorative_blocks:brazier":1,"minecraft:birch_button":1,"minecraft:iron_bars":2,"minecraft:blue_orchid":1,"minecraft:arrow":1,"minecraft:campfire":1,"minecraft:red_tulip":2,"mcwfurnitures:oak_bookshelf_cupboard":1,"mcwfurnitures:oak_double_wardrobe":1},"minecraft:killed":{"minecraft:turtle":1,"minecraft:pig":1,"minecraft:rabbit":1},"minecraft:picked_up":{"minecraft:seagrass":1,"minecraft:azure_bluet":3,"magistuarmory:barbedclub":1,"minecraft:flower_pot":1,"create:oak_window_pane":1,"minecraft:diamond_sword":1,"mcwfurnitures:spruce_modern_chair":1,"mcwfurnitures:oak_counter":1,"minecraft:birch_button":1,"minecraft:heavy_weighted_pressure_plate":1,"mcwfurnitures:stripped_dark_oak_coffee_table":1,"minecraft:blue_orchid":1,"minecraft:shroomlight":1,"minecraft:glass_pane":1,"minecraft:sea_pickle":9,"minecraft:white_tulip":1,"minecraft:quartz_stairs":2,"minecraft:spruce_trapdoor":3,"minecraft:dark_oak_door":1,"mcwfurnitures:spruce_desk":1,"minecraft:composter":1,"minecraft:torch":1,"minecraft:snow_block":3,"mcwfurnitures:spruce_covered_desk":1,"minecraft:redstone":1,"minecraft:brown_carpet":2,"minecraft:dark_oak_planks":1,"create:vertical_framed_glass":1,"decorative_blocks:lattice":1,"minecraft:quartz_block":1,"minecraft:arrow":1,"magistuarmory:heavy_crossbow":1,"minecraft:nether_gold_ore":1,"create:dark_oak_window_pane":1,"minecraft:tropical_fish":3,"mcwfurnitures:oak_double_wardrobe":1,"minecraft:red_tulip":2,"minecraft:pink_tulip":1,"minecraft:glowstone":1,"mcwfurnitures:acacia_double_wardrobe":1,"minecraft:iron_bars":2,"minecraft:oxeye_daisy":1,"minecraft:polished_diorite_slab":1,"mcwfurnitures:dark_oak_double_wardrobe":1,"minecraft:water_bucket":1,"create:oak_window":1,"decorative_blocks:brazier":1,"minecraft:dirt":3,"minecraft:lantern":2,"mcwfurnitures:oak_bookshelf_cupboard":1,"minecraft:stone_bricks":1,"minecraft:wheat_seeds":18,"minecraft:rabbit_hide":2,"create:dark_oak_window":1,"minecraft:tall_grass":1,"minecraft:mossy_stone_bricks":1,"minecraft:rabbit":1,"mcwfurnitures:spruce_striped_chair":1,"minecraft:gravel":1,"minecraft:sand":3,"mcwfurnitures:spruce_glass_table":1,"minecraft:green_carpet":1,"minecraft:dark_oak_fence_gate":1,"minecraft:sea_lantern":1,"minecraft:polished_diorite_stairs":1,"magistuarmory:tin_katzbalger":1,"minecraft:dark_prismarine_slab":1,"minecraft:campfire":1,"mcwfurnitures:spruce_bookshelf":1,"minecraft:soul_lantern":1,"minecraft:diamond_axe":2,"minecraft:painting":1,"mcwfurnitures:jungle_modern_desk":1,"minecraft:dark_oak_fence":1,"minecraft:bricks":1,"minecraft:diamond_pickaxe":1},"minecraft:killed_by":{"minecraft:player":1}},"DataVersion":2586}